scientific_name,geometry
Pinus longaeva D.K.Bailey,"c(-112.161092, 37.610733)"
Pinus longaeva D.K.Bailey,"c(-112.235477, 37.470196)"
Pinus longaeva D.K.Bailey,"c(-112.150519, 37.635651)"
Pinus longaeva D.K.Bailey,"c(-112.161168, 37.610889)"
Pinus longaeva D.K.Bailey,"c(-112.235465, 37.47028)"
Pinus longaeva D.K.Bailey,"c(-115.63252, 36.336262)"
Pinus longaeva D.K.Bailey,"c(-115.63252, 36.336262)"
Pinus longaeva D.K.Bailey,"c(-112.15796, 37.625473)"
Pinus longaeva D.K.Bailey,"c(-112.158425, 37.614792)"
Pinus longaeva D.K.Bailey,"c(-112.210735, 37.562187)"
Pinus longaeva D.K.Bailey,"c(-112.164897, 37.638132)"
Pinus longaeva D.K.Bailey,"c(-118.176812, 37.38608)"
Pinus longaeva D.K.Bailey,"c(-117.699967, 37.282038)"
Pinus longaeva D.K.Bailey,"c(-112.319661, 37.745951)"
Pinus longaeva D.K.Bailey,"c(-115.62029, 36.312617)"
Pinus longaeva D.K.Bailey,"c(-112.236092, 37.471105)"
Pinus longaeva D.K.Bailey,"c(-112.235359, 37.470428)"
Pinus longaeva D.K.Bailey,"c(-112.832038, 37.632287)"
Pinus longaeva D.K.Bailey,"c(-112.235413, 37.470372)"
Pinus longaeva D.K.Bailey,"c(-112.158377, 37.61462)"
Pinus longaeva D.K.Bailey,"c(-112.110932, 37.665588)"
Pinus longaeva D.K.Bailey,"c(-112.236142, 37.471223)"
Pinus longaeva D.K.Bailey,"c(-112.133378, 37.637958)"
Pinus longaeva D.K.Bailey,"c(-114.294388, 38.800818)"
Pinus longaeva D.K.Bailey,"c(-114.939394, 38.505002)"
Pinus longaeva D.K.Bailey,"c(-118.168869, 37.385564)"
Pinus longaeva D.K.Bailey,"c(-112.235917, 37.470988)"
Pinus longaeva D.K.Bailey,"c(-112.235978, 37.471038)"
Pinus longaeva D.K.Bailey,"c(-112.23603, 37.471072)"
Pinus longaeva D.K.Bailey,"c(-112.236175, 37.471447)"
Pinus longaeva D.K.Bailey,"c(-112.236437, 37.471675)"
Pinus longaeva D.K.Bailey,"c(-114.30487, 39.000847)"
Pinus longaeva D.K.Bailey,"c(-112.170525, 37.616242)"
Pinus longaeva D.K.Bailey,"c(-112.158889, 37.625313)"
Pinus longaeva D.K.Bailey,"c(-112.158736, 37.625713)"
Pinus longaeva D.K.Bailey,"c(-112.159164, 37.62605)"
Pinus longaeva D.K.Bailey,"c(-118.17836, 37.386108)"
Pinus longaeva D.K.Bailey,"c(-112.155628, 37.603867)"
Pinus longaeva D.K.Bailey,"c(-112.158736, 37.614325)"
Pinus longaeva D.K.Bailey,"c(-112.158317, 37.614589)"
Pinus longaeva D.K.Bailey,"c(-112.792389, 37.785714)"
Pinus longaeva D.K.Bailey,"c(-118.164214, 37.3844)"
Pinus longaeva D.K.Bailey,"c(-118.164381, 37.382244)"
Pinus longaeva D.K.Bailey,"c(-114.305026, 39.000457)"
Pinus longaeva D.K.Bailey,"c(-114.305006, 39.000526)"
Pinus longaeva D.K.Bailey,"c(-114.304955, 39.000867)"
Pinus longaeva D.K.Bailey,"c(-118.178642, 37.385502)"
Pinus longaeva D.K.Bailey,"c(-118.17794, 37.385517)"
Pinus longaeva D.K.Bailey,"c(-118.177895, 37.385513)"
Pinus longaeva D.K.Bailey,"c(-118.176217, 37.385425)"
Pinus longaeva D.K.Bailey,"c(-118.17131, 37.385025)"
Pinus longaeva D.K.Bailey,"c(-115.62303, 36.301905)"
Pinus longaeva D.K.Bailey,"c(-115.69517, 36.305653)"
Pinus longaeva D.K.Bailey,"c(-114.302122, 38.97839)"
Pinus longaeva D.K.Bailey,"c(-114.304886, 39.001816)"
Pinus longaeva D.K.Bailey,"c(-114.304475, 38.999778)"
Pinus longaeva D.K.Bailey,"c(-114.308456, 38.995266)"
Pinus longaeva D.K.Bailey,"c(-112.883419, 37.679814)"
Pinus longaeva D.K.Bailey,"c(-115.620047, 36.318342)"
Pinus longaeva D.K.Bailey,"c(-118.172875, 37.410513)"
Pinus longaeva D.K.Bailey,"c(-118.172325, 37.411655)"
Pinus longaeva D.K.Bailey,"c(-118.176413, 37.4143)"
Pinus longaeva D.K.Bailey,"c(-112.23542, 37.470322)"
Pinus longaeva D.K.Bailey,"c(-114.30497, 39.000886)"
Pinus longaeva D.K.Bailey,"c(-114.304505, 39.003014)"
Pinus longaeva D.K.Bailey,"c(-113.401695, 39.1349)"
Pinus longaeva D.K.Bailey,"c(-112.838669, 37.57209)"
Pinus longaeva D.K.Bailey,"c(-118.180024, 37.386962)"
Pinus longaeva D.K.Bailey,"c(-118.180009, 37.387579)"
Pinus longaeva D.K.Bailey,"c(-113.404428, 39.144578)"
Pinus longaeva D.K.Bailey,"c(-114.304924, 39.000946)"
Pinus longaeva D.K.Bailey,"c(-118.194747, 37.438622)"
Pinus longaeva D.K.Bailey,"c(-114.304907, 38.907086)"
Pinus longaeva D.K.Bailey,"c(-112.170534, 37.616329)"
Pinus longaeva D.K.Bailey,"c(-114.30423, 39.002511)"
Pinus longaeva D.K.Bailey,"c(-118.176086, 37.375561)"
Pinus longaeva D.K.Bailey,"c(-117.088692, 36.172887)"
Pinus longaeva D.K.Bailey,"c(-118.179139, 37.385952)"
Pinus longaeva D.K.Bailey,"c(-117.085158, 36.177105)"
Pinus longaeva D.K.Bailey,"c(-115.629037, 36.311225)"
Pinus longaeva D.K.Bailey,"c(-118.179955, 37.387017)"
Pinus longaeva D.K.Bailey,"c(-114.304978, 39.000514)"
Pinus longaeva D.K.Bailey,"c(-118.181672, 37.389578)"
Pinus longaeva D.K.Bailey,"c(-118.181572, 37.389653)"
Pinus longaeva D.K.Bailey,"c(-118.181647, 37.389619)"
Pinus longaeva D.K.Bailey,"c(-118.178636, 37.38551)"
Pinus longaeva D.K.Bailey,"c(-118.181524, 37.38977)"
Pinus longaeva D.K.Bailey,"c(-112.240188, 37.474567)"
Pinus longaeva D.K.Bailey,"c(-112.236083, 37.471105)"
Pinus longaeva D.K.Bailey,"c(-112.23603, 37.47102)"
Pinus longaeva D.K.Bailey,"c(-114.311347, 39.016362)"
Pinus longaeva D.K.Bailey,"c(-112.831947, 37.632683)"
Pinus longaeva D.K.Bailey,"c(-112.845782, 37.609592)"
Pinus longaeva D.K.Bailey,"c(-118.178718, 37.385823)"
Pinus longaeva D.K.Bailey,"c(-112.832031, 37.63243)"
Pinus longaeva D.K.Bailey,"c(-112.179138, 37.620422)"
Pinus longaeva D.K.Bailey,"c(-112.844807, 37.609843)"
Pinus longaeva D.K.Bailey,"c(-112.886078, 37.682938)"
Pinus longaeva D.K.Bailey,"c(-112.885933, 37.682597)"
Pinus longaeva D.K.Bailey,"c(-112.883645, 37.680395)"
Pinus longaeva D.K.Bailey,"c(-112.885375, 37.681972)"
Pinus longaeva D.K.Bailey,"c(-112.882958, 37.679255)"
Pinus longaeva D.K.Bailey,"c(-112.885453, 37.682067)"
Pinus longaeva D.K.Bailey,"c(-112.844688, 37.610233)"
Pinus longaeva D.K.Bailey,"c(-114.304901, 38.995331)"
Pinus longaeva D.K.Bailey,"c(-118.180078, 37.389288)"
Pinus longaeva D.K.Bailey,"c(-112.83197, 37.632708)"
Pinus longaeva D.K.Bailey,"c(-112.235533, 37.470379)"
Pinus longaeva D.K.Bailey,"c(-110.924318, 39.779526)"
Pinus longaeva D.K.Bailey,"c(-118.198333, 37.527364)"
Pinus longaeva D.K.Bailey,"c(-118.171297, 37.385046)"
Pinus longaeva D.K.Bailey,"c(-112.240242, 37.474563)"
Pinus longaeva D.K.Bailey,"c(-112.240203, 37.474512)"
Pinus longaeva D.K.Bailey,"c(-114.257805, 38.929942)"
Pinus longaeva D.K.Bailey,"c(-114.258286, 38.930086)"
Pinus longaeva D.K.Bailey,"c(-115.41213, 38.920097)"
Pinus longaeva D.K.Bailey,"c(-115.541108, 40.21492)"
Pinus longaeva D.K.Bailey,"c(-115.541205, 40.214808)"
Pinus longaeva D.K.Bailey,"c(-115.540808, 40.209642)"
Pinus longaeva D.K.Bailey,"c(-115.539437, 40.208737)"
Pinus longaeva D.K.Bailey,"c(-115.555108, 40.176628)"
Pinus longaeva D.K.Bailey,"c(-115.554145, 40.17457)"
Pinus longaeva D.K.Bailey,"c(-118.161268, 37.506826)"
Pinus longaeva D.K.Bailey,"c(-115.546975, 40.248378)"
Pinus longaeva D.K.Bailey,"c(-115.546578, 40.248783)"
Pinus longaeva D.K.Bailey,"c(-114.287561, 38.941881)"
Pinus longaeva D.K.Bailey,"c(-115.412131, 38.920136)"
Pinus longaeva D.K.Bailey,"c(-118.197937, 37.527847)"
Pinus longaeva D.K.Bailey,"c(-114.237453, 39.017405)"
Pinus longaeva D.K.Bailey,"c(-118.161125, 37.506786)"
Pinus longaeva D.K.Bailey,"c(-114.099792, 39.221263)"
Pinus longaeva D.K.Bailey,"c(-114.304864, 39.000744)"
Pinus longaeva D.K.Bailey,"c(-112.746483, 37.495911)"
Pinus longaeva D.K.Bailey,"c(-114.179461, 38.824016)"
Pinus longaeva D.K.Bailey,"c(-115.632901, 36.338779)"
Pinus longaeva D.K.Bailey,"c(-118.199255, 37.528317)"
Pinus longaeva D.K.Bailey,"c(-118.199269, 37.528315)"
Pinus longaeva D.K.Bailey,"c(-114.189125, 38.826096)"
Pinus longaeva D.K.Bailey,"c(-118.178711, 37.386653)"
Pinus longaeva D.K.Bailey,"c(-118.180017, 37.386995)"
Pinus longaeva D.K.Bailey,"c(-118.172941, 37.379911)"
Pinus longaeva D.K.Bailey,"c(-115.633291, 36.294226)"
Pinus longaeva D.K.Bailey,"c(-114.191508, 38.829967)"
Pinus longaeva D.K.Bailey,"c(-118.179574, 37.385567)"
Pinus longaeva D.K.Bailey,"c(-114.291693, 38.832586)"
Pinus longaeva D.K.Bailey,"c(-114.305009, 39.000682)"
Pinus longaeva D.K.Bailey,"c(-113.963225, 38.503345)"
Pinus longaeva D.K.Bailey,"c(-113.95907, 38.489742)"
Pinus longaeva D.K.Bailey,"c(-113.958145, 38.490878)"
Pinus longaeva D.K.Bailey,"c(-113.95807, 38.493512)"
Pinus longaeva D.K.Bailey,"c(-113.960412, 38.493113)"
Pinus longaeva D.K.Bailey,"c(-112.851573, 37.661827)"
Pinus longaeva D.K.Bailey,"c(-114.303194, 38.918927)"
Pinus longaeva D.K.Bailey,"c(-114.586244, 39.232294)"
Pinus longaeva D.K.Bailey,"c(-117.78885, 37.745237)"
Pinus longaeva D.K.Bailey,"c(-112.844353, 37.609528)"
Pinus longaeva D.K.Bailey,"c(-118.199447, 37.528358)"
Pinus longaeva D.K.Bailey,"c(-118.179277, 37.385548)"
Pinus longaeva D.K.Bailey,"c(-118.179495, 37.385608)"
Pinus longaeva D.K.Bailey,"c(-118.178014, 37.386256)"
Pinus longaeva D.K.Bailey,"c(-118.176131, 37.385389)"
Pinus longaeva D.K.Bailey,"c(-118.179272, 37.385428)"
Pinus longaeva D.K.Bailey,"c(-118.166419, 37.38022)"
Pinus longaeva D.K.Bailey,"c(-115.687447, 36.260667)"
Pinus longaeva D.K.Bailey,"c(-118.177278, 37.385386)"
Pinus longaeva D.K.Bailey,"c(-118.180271, 37.385432)"
Pinus longaeva D.K.Bailey,"c(-115.678083, 36.298783)"
Pinus longaeva D.K.Bailey,"c(-115.632055, 36.274598)"
Pinus longaeva D.K.Bailey,"c(-115.631192, 36.274847)"
Pinus longaeva D.K.Bailey,"c(-114.333664, 38.889397)"
Pinus longaeva D.K.Bailey,"c(-114.307364, 38.910144)"
Pinus longaeva D.K.Bailey,"c(-114.307878, 38.910361)"
Pinus longaeva D.K.Bailey,"c(-114.309356, 38.910636)"
Pinus longaeva D.K.Bailey,"c(-114.319628, 38.900172)"
Pinus longaeva D.K.Bailey,"c(-114.321161, 38.901233)"
Pinus longaeva D.K.Bailey,"c(-114.626519, 39.177772)"
Pinus longaeva D.K.Bailey,"c(-114.615439, 39.173806)"
Pinus longaeva D.K.Bailey,"c(-114.606828, 39.151947)"
Pinus longaeva D.K.Bailey,"c(-114.606903, 39.151736)"
Pinus longaeva D.K.Bailey,"c(-118.198013, 37.527247)"
Pinus longaeva D.K.Bailey,"c(-112.753958, 37.499283)"
Pinus longaeva D.K.Bailey,"c(-118.30695, 37.677263)"
Pinus longaeva D.K.Bailey,"c(-117.085167, 36.177114)"
Pinus longaeva D.K.Bailey,"c(-112.856712, 37.613613)"
Pinus longaeva D.K.Bailey,"c(-112.804863, 37.606328)"
Pinus longaeva D.K.Bailey,"c(-112.850836, 37.564821)"
Pinus longaeva D.K.Bailey,"c(-114.733137, 38.719401)"
Pinus longaeva D.K.Bailey,"c(-112.886488, 37.684842)"
Pinus longaeva D.K.Bailey,"c(-118.17788, 37.385487)"
Pinus longaeva D.K.Bailey,"c(-118.171387, 37.385075)"
Pinus longaeva D.K.Bailey,"c(-112.844552, 37.610085)"
Pinus longaeva D.K.Bailey,"c(-115.646979, 36.243512)"
Pinus longaeva D.K.Bailey,"c(-112.353247, 37.591142)"
Pinus longaeva D.K.Bailey,"c(-118.175034, 37.383547)"
Pinus longaeva D.K.Bailey,"c(-118.174028, 37.38296)"
Pinus longaeva D.K.Bailey,"c(-118.175553, 37.38316)"
Pinus longaeva D.K.Bailey,"c(-115.621894, 36.308769)"
Pinus longaeva D.K.Bailey,"c(-115.638503, 36.324365)"
Pinus longaeva D.K.Bailey,"c(-115.634355, 36.326831)"
Pinus longaeva D.K.Bailey,"c(-114.282369, 38.916239)"
Pinus longaeva D.K.Bailey,"c(-115.412654, 40.639105)"
Pinus longaeva D.K.Bailey,"c(-118.177916, 37.385496)"
Pinus longaeva D.K.Bailey,"c(-113.326272, 39.374687)"
Pinus longaeva D.K.Bailey,"c(-113.326272, 39.374675)"
Pinus longaeva D.K.Bailey,"c(-113.324875, 39.375472)"
Pinus longaeva D.K.Bailey,"c(-118.17823, 37.386105)"
Pinus longaeva D.K.Bailey,"c(-113.332595, 39.385872)"
Pinus longaeva D.K.Bailey,"c(-113.332695, 39.386033)"
Pinus longaeva D.K.Bailey,"c(-113.332595, 39.38612)"
Pinus longaeva D.K.Bailey,"c(-113.336525, 39.382072)"
Pinus longaeva D.K.Bailey,"c(-118.178363, 37.385455)"
Pinus longaeva D.K.Bailey,"c(-118.174823, 37.382675)"
Pinus longaeva D.K.Bailey,"c(-118.177872, 37.385539)"
Pinus longaeva D.K.Bailey,"c(-118.171486, 37.385003)"
Pinus longaeva D.K.Bailey,"c(-114.254963, 38.93986)"
Pinus longaeva D.K.Bailey,"c(-114.254963, 38.93986)"
Pinus longaeva D.K.Bailey,"c(-112.161965, 37.614998)"
Pinus longaeva D.K.Bailey,"c(-114.240328, 38.986544)"
Pinus longaeva D.K.Bailey,"c(-112.277778, 37.708314)"
Pinus longaeva D.K.Bailey,"c(-118.179397, 37.387478)"
Pinus longaeva D.K.Bailey,"c(-112.171032, 37.617588)"
Pinus longaeva D.K.Bailey,"c(-115.650075, 36.235036)"
Pinus longaeva D.K.Bailey,"c(-115.65833, 36.23855)"
Pinus longaeva D.K.Bailey,"c(-112.235458, 37.470337)"
Pinus longaeva D.K.Bailey,"c(-118.178271, 37.386603)"
Pinus longaeva D.K.Bailey,"c(-112.236023, 37.470864)"
Pinus longaeva D.K.Bailey,"c(-112.844575, 37.610375)"
Pinus longaeva D.K.Bailey,"c(-114.306228, 39.005589)"
Pinus longaeva D.K.Bailey,"c(-114.304947, 39.001786)"
Pinus longaeva D.K.Bailey,"c(-114.305053, 39.001461)"
Pinus longaeva D.K.Bailey,"c(-118.178481, 37.385555)"
Pinus longaeva D.K.Bailey,"c(-118.164903, 37.379078)"
Pinus longaeva D.K.Bailey,"c(-118.168838, 37.385575)"
Pinus longaeva D.K.Bailey,"c(-118.178112, 37.385633)"
Pinus longaeva D.K.Bailey,"c(-118.178621, 37.385503)"
Pinus longaeva D.K.Bailey,"c(-118.178683, 37.384544)"
Pinus longaeva D.K.Bailey,"c(-118.1763, 37.384855)"
Pinus longaeva D.K.Bailey,"c(-118.175415, 37.384942)"
Pinus longaeva D.K.Bailey,"c(-118.175413, 37.384983)"
Pinus longaeva D.K.Bailey,"c(-118.175415, 37.384983)"
Pinus longaeva D.K.Bailey,"c(-118.175415, 37.384983)"
Pinus longaeva D.K.Bailey,"c(-118.174607, 37.385067)"
Pinus longaeva D.K.Bailey,"c(-118.174553, 37.385128)"
Pinus longaeva D.K.Bailey,"c(-118.172469, 37.382585)"
Pinus longaeva D.K.Bailey,"c(-118.173257, 37.385223)"
Pinus longaeva D.K.Bailey,"c(-118.172553, 37.385132)"
Pinus longaeva D.K.Bailey,"c(-118.172127, 37.385105)"
Pinus longaeva D.K.Bailey,"c(-118.171478, 37.384972)"
Pinus longaeva D.K.Bailey,"c(-118.171928, 37.383203)"
Pinus longaeva D.K.Bailey,"c(-118.172272, 37.381748)"
Pinus longaeva D.K.Bailey,"c(-118.172272, 37.381747)"
Pinus longaeva D.K.Bailey,"c(-118.172958, 37.38039)"
Pinus longaeva D.K.Bailey,"c(-118.171738, 37.379173)"
Pinus longaeva D.K.Bailey,"c(-118.170555, 37.379002)"
Pinus longaeva D.K.Bailey,"c(-118.163644, 37.378005)"
Pinus longaeva D.K.Bailey,"c(-118.165886, 37.377205)"
Pinus longaeva D.K.Bailey,"c(-118.162025, 37.378658)"
Pinus longaeva D.K.Bailey,"c(-118.16185, 37.379795)"
Pinus longaeva D.K.Bailey,"c(-118.16185, 37.379795)"
Pinus longaeva D.K.Bailey,"c(-118.16185, 37.379795)"
Pinus longaeva D.K.Bailey,"c(-118.16185, 37.379795)"
Pinus longaeva D.K.Bailey,"c(-118.162475, 37.380078)"
Pinus longaeva D.K.Bailey,"c(-118.163338, 37.379753)"
Pinus longaeva D.K.Bailey,"c(-118.163339, 37.379753)"
Pinus longaeva D.K.Bailey,"c(-118.164948, 37.379047)"
Pinus longaeva D.K.Bailey,"c(-118.166535, 37.379487)"
Pinus longaeva D.K.Bailey,"c(-118.165893, 37.380878)"
Pinus longaeva D.K.Bailey,"c(-118.165893, 37.380878)"
Pinus longaeva D.K.Bailey,"c(-118.165893, 37.380878)"
Pinus longaeva D.K.Bailey,"c(-118.165893, 37.380878)"
Pinus longaeva D.K.Bailey,"c(-118.165893, 37.380878)"
Pinus longaeva D.K.Bailey,"c(-118.167092, 37.384617)"
Pinus longaeva D.K.Bailey,"c(-118.177903, 37.385483)"
Pinus longaeva D.K.Bailey,"c(-118.163178, 37.379692)"
Pinus longaeva D.K.Bailey,"c(-112.158447, 37.614763)"
Pinus longaeva D.K.Bailey,"c(-112.235542, 37.47022)"
Pinus longaeva D.K.Bailey,"c(-118.178705, 37.385815)"
Pinus longaeva D.K.Bailey,"c(-118.178808, 37.384413)"
Pinus longaeva D.K.Bailey,"c(-118.179947, 37.386994)"
Pinus longaeva D.K.Bailey,"c(-112.236017, 37.471)"
Pinus longaeva D.K.Bailey,"c(-118.17848, 37.385555)"
Pinus longaeva D.K.Bailey,"c(-113.504937, 37.323528)"
Pinus longaeva D.K.Bailey,"c(-113.504228, 37.3232)"
Pinus longaeva D.K.Bailey,"c(-113.501738, 37.324392)"
Pinus longaeva D.K.Bailey,"c(-113.50155, 37.324947)"
Pinus longaeva D.K.Bailey,"c(-112.161872, 37.614722)"
Pinus longaeva D.K.Bailey,"c(-112.158394, 37.614838)"
Pinus longaeva D.K.Bailey,"c(-112.158522, 37.614912)"
Pinus longaeva D.K.Bailey,"c(-112.155639, 37.604047)"
Pinus longaeva D.K.Bailey,"c(-112.158897, 37.62569)"
Pinus longaeva D.K.Bailey,"c(-112.158752, 37.625622)"
Pinus longaeva D.K.Bailey,"c(-112.15847, 37.614952)"
Pinus longaeva D.K.Bailey,"c(-112.15889, 37.614578)"
Pinus longaeva D.K.Bailey,"c(-112.161647, 37.627971)"
Pinus longaeva D.K.Bailey,"c(-118.176955, 37.37497)"
Pinus longaeva D.K.Bailey,"c(-111.284502, 37.840034)"
Pinus longaeva D.K.Bailey,"c(-112.158516, 37.614929)"
Pinus longaeva D.K.Bailey,"c(-115.417687, 38.928088)"
Pinus longaeva D.K.Bailey,"c(-115.420387, 38.927435)"
Pinus longaeva D.K.Bailey,"c(-115.614831, 36.309793)"
Pinus longaeva D.K.Bailey,"c(-115.607686, 36.308405)"
Pinus longaeva D.K.Bailey,"c(-112.158372, 37.625317)"
Pinus longaeva D.K.Bailey,"c(-112.235386, 37.470314)"
Pinus longaeva D.K.Bailey,"c(-113.963255, 38.503288)"
Pinus longaeva D.K.Bailey,"c(-113.960137, 38.492042)"
Pinus longaeva D.K.Bailey,"c(-113.958078, 38.49273)"
Pinus longaeva D.K.Bailey,"c(-113.965613, 38.494233)"
Pinus longaeva D.K.Bailey,"c(-113.959053, 38.48975)"
Pinus longaeva D.K.Bailey,"c(-113.0263, 37.298202)"
Pinus longaeva D.K.Bailey,"c(-112.835153, 37.657513)"
Pinus longaeva D.K.Bailey,"c(-115.604335, 37.919465)"
Pinus longaeva D.K.Bailey,"c(-112.171058, 37.617588)"
Pinus longaeva D.K.Bailey,"c(-118.177444, 37.382564)"
Pinus longaeva D.K.Bailey,"c(-112.754135, 37.499692)"
Pinus longaeva D.K.Bailey,"c(-112.850638, 37.564747)"
Pinus longaeva D.K.Bailey,"c(-118.188075, 37.413947)"
Pinus longaeva D.K.Bailey,"c(-112.235908, 37.470923)"
Pinus longaeva D.K.Bailey,"c(-112.235838, 37.470854)"
Pinus longaeva D.K.Bailey,"c(-114.920833, 38.520638)"
Pinus longaeva D.K.Bailey,"c(-114.919158, 38.519678)"
Pinus longaeva D.K.Bailey,"c(-114.919012, 38.519443)"
Pinus longaeva D.K.Bailey,"c(-114.91768, 38.518415)"
Pinus longaeva D.K.Bailey,"c(-114.916715, 38.517553)"
Pinus longaeva D.K.Bailey,"c(-114.91481, 38.516485)"
Pinus longaeva D.K.Bailey,"c(-114.915015, 38.515285)"
Pinus longaeva D.K.Bailey,"c(-114.915132, 38.515275)"
Pinus longaeva D.K.Bailey,"c(-114.918255, 38.513477)"
Pinus longaeva D.K.Bailey,"c(-114.919492, 38.512838)"
Pinus longaeva D.K.Bailey,"c(-114.920278, 38.51225)"
Pinus longaeva D.K.Bailey,"c(-114.920717, 38.512033)"
Pinus longaeva D.K.Bailey,"c(-114.922827, 38.511088)"
Pinus longaeva D.K.Bailey,"c(-114.923242, 38.510783)"
Pinus longaeva D.K.Bailey,"c(-114.923458, 38.510688)"
Pinus longaeva D.K.Bailey,"c(-114.923738, 38.510678)"
Pinus longaeva D.K.Bailey,"c(-114.92406, 38.510398)"
Pinus longaeva D.K.Bailey,"c(-114.924778, 38.50981)"
Pinus longaeva D.K.Bailey,"c(-114.925932, 38.509612)"
Pinus longaeva D.K.Bailey,"c(-114.9267, 38.509213)"
Pinus longaeva D.K.Bailey,"c(-114.927013, 38.509137)"
Pinus longaeva D.K.Bailey,"c(-114.92781, 38.508593)"
Pinus longaeva D.K.Bailey,"c(-114.927807, 38.508212)"
Pinus longaeva D.K.Bailey,"c(-114.927695, 38.508245)"
Pinus longaeva D.K.Bailey,"c(-118.161808, 37.384572)"
Pinus longaeva D.K.Bailey,"c(-118.175121, 37.392848)"
Pinus longaeva D.K.Bailey,"c(-118.164596, 37.385087)"
Pinus longaeva D.K.Bailey,"c(-118.171613, 37.379167)"
Pinus longaeva D.K.Bailey,"c(-118.171613, 37.379167)"
Pinus longaeva D.K.Bailey,"c(-118.171613, 37.379167)"
Pinus longaeva D.K.Bailey,"c(-118.171613, 37.379167)"
Pinus longaeva D.K.Bailey,"c(-118.171613, 37.379167)"
Pinus longaeva D.K.Bailey,"c(-113.369462, 39.314575)"
Pinus longaeva D.K.Bailey,"c(-115.626454, 36.308372)"
Pinus longaeva D.K.Bailey,"c(-114.729163, 38.630162)"
Pinus longaeva D.K.Bailey,"c(-114.72822, 38.631283)"
Pinus longaeva D.K.Bailey,"c(-114.727333, 38.646283)"
Pinus longaeva D.K.Bailey,"c(-114.734305, 38.656155)"
Pinus longaeva D.K.Bailey,"c(-114.731125, 38.667208)"
Pinus longaeva D.K.Bailey,"c(-114.73375, 38.67693)"
Pinus longaeva D.K.Bailey,"c(-114.738005, 38.684658)"
Pinus longaeva D.K.Bailey,"c(-114.738158, 38.68505)"
Pinus longaeva D.K.Bailey,"c(-114.74192, 38.692928)"
Pinus longaeva D.K.Bailey,"c(-114.733567, 38.659162)"
Pinus longaeva D.K.Bailey,"c(-114.727287, 38.646675)"
Pinus longaeva D.K.Bailey,"c(-114.730438, 38.620875)"
Pinus longaeva D.K.Bailey,"c(-114.730347, 38.618858)"
Pinus longaeva D.K.Bailey,"c(-114.731413, 38.617753)"
Pinus longaeva D.K.Bailey,"c(-114.730553, 38.620505)"
Pinus longaeva D.K.Bailey,"c(-114.9197, 38.520012)"
Pinus longaeva D.K.Bailey,"c(-114.917275, 38.517942)"
Pinus longaeva D.K.Bailey,"c(-114.916712, 38.514397)"
Pinus longaeva D.K.Bailey,"c(-114.920175, 38.512305)"
Pinus longaeva D.K.Bailey,"c(-114.923722, 38.510783)"
Pinus longaeva D.K.Bailey,"c(-114.924788, 38.509903)"
Pinus longaeva D.K.Bailey,"c(-114.926842, 38.509363)"
Pinus longaeva D.K.Bailey,"c(-114.924233, 38.507145)"
Pinus longaeva D.K.Bailey,"c(-114.92153, 38.506042)"
Pinus longaeva D.K.Bailey,"c(-114.919692, 38.505992)"
Pinus longaeva D.K.Bailey,"c(-114.915345, 38.506488)"
Pinus longaeva D.K.Bailey,"c(-118.1632, 37.37972)"
Pinus longaeva D.K.Bailey,"c(-118.162103, 37.380208)"
Pinus longaeva D.K.Bailey,"c(-118.16977, 37.378522)"
Pinus longaeva D.K.Bailey,"c(-118.172945, 37.385267)"
Pinus longaeva D.K.Bailey,"c(-112.828744, 37.620614)"
Pinus longaeva D.K.Bailey,"c(-118.178245, 37.385305)"
Pinus longaeva D.K.Bailey,"c(-118.142601, 37.448818)"
Pinus longaeva D.K.Bailey,"c(-112.23546, 37.470338)"
Pinus longaeva D.K.Bailey,"c(-112.158447, 37.614792)"
Pinus longaeva D.K.Bailey,"c(-112.158054, 37.604145)"
Pinus longaeva D.K.Bailey,"c(-112.136457, 37.643612)"
Pinus longaeva D.K.Bailey,"c(-118.213195, 37.273658)"
Pinus longaeva D.K.Bailey,"c(-114.909247, 38.507958)"
Pinus longaeva D.K.Bailey,"c(-114.905663, 38.510467)"
Pinus longaeva D.K.Bailey,"c(-114.906097, 38.51255)"
Pinus longaeva D.K.Bailey,"c(-114.972642, 38.421817)"
Pinus longaeva D.K.Bailey,"c(-114.974512, 38.420528)"
Pinus longaeva D.K.Bailey,"c(-114.976167, 38.417575)"
Pinus longaeva D.K.Bailey,"c(-114.976403, 38.417297)"
Pinus longaeva D.K.Bailey,"c(-114.150422, 39.233412)"
Pinus longaeva D.K.Bailey,"c(-114.156678, 39.233837)"
Pinus longaeva D.K.Bailey,"c(-114.181022, 39.258647)"
Pinus longaeva D.K.Bailey,"c(-114.180512, 39.26492)"
Pinus longaeva D.K.Bailey,"c(-114.180588, 39.269233)"
Pinus longaeva D.K.Bailey,"c(-114.180862, 39.279962)"
Pinus longaeva D.K.Bailey,"c(-114.204675, 39.2641)"
Pinus longaeva D.K.Bailey,"c(-114.208367, 39.255572)"
Pinus longaeva D.K.Bailey,"c(-114.208747, 39.25412)"
Pinus longaeva D.K.Bailey,"c(-114.209595, 39.252288)"
Pinus longaeva D.K.Bailey,"c(-114.209672, 39.252188)"
Pinus longaeva D.K.Bailey,"c(-114.211495, 39.247417)"
Pinus longaeva D.K.Bailey,"c(-114.209205, 39.24203)"
Pinus longaeva D.K.Bailey,"c(-114.210883, 39.240955)"
Pinus longaeva D.K.Bailey,"c(-114.20588, 39.230928)"
Pinus longaeva D.K.Bailey,"c(-114.201287, 39.227445)"
Pinus longaeva D.K.Bailey,"c(-114.19262, 39.223422)"
Pinus longaeva D.K.Bailey,"c(-118.181281, 37.389434)"
Pinus longaeva D.K.Bailey,"c(-114.193537, 39.22173)"
Pinus longaeva D.K.Bailey,"c(-114.193572, 39.220992)"
Pinus longaeva D.K.Bailey,"c(-114.1948, 39.218492)"
Pinus longaeva D.K.Bailey,"c(-114.19265, 39.213588)"
Pinus longaeva D.K.Bailey,"c(-114.192025, 39.213283)"
Pinus longaeva D.K.Bailey,"c(-114.189972, 39.212933)"
Pinus longaeva D.K.Bailey,"c(-114.163033, 39.205742)"
Pinus longaeva D.K.Bailey,"c(-114.159325, 39.20625)"
Pinus longaeva D.K.Bailey,"c(-114.159058, 39.206345)"
Pinus longaeva D.K.Bailey,"c(-114.158158, 39.207938)"
Pinus longaeva D.K.Bailey,"c(-114.158233, 39.208367)"
Pinus longaeva D.K.Bailey,"c(-114.158372, 39.208583)"
Pinus longaeva D.K.Bailey,"c(-114.158592, 39.208813)"
Pinus longaeva D.K.Bailey,"c(-113.962355, 38.492663)"
Pinus longaeva D.K.Bailey,"c(-112.235542, 37.470215)"
Pinus longaeva D.K.Bailey,"c(-118.181075, 37.382962)"
Pinus longaeva D.K.Bailey,"c(-114.916183, 38.517298)"
Pinus longaeva D.K.Bailey,"c(-114.928152, 38.50802)"
Pinus longaeva D.K.Bailey,"c(-117.084625, 36.180683)"
Pinus longaeva D.K.Bailey,"c(-112.274751, 37.708075)"
Pinus longaeva D.K.Bailey,"c(-112.281009, 37.702844)"
Pinus longaeva D.K.Bailey,"c(-112.235521, 37.470356)"
Pinus longaeva D.K.Bailey,"c(-112.850786, 37.564863)"
Pinus longaeva D.K.Bailey,"c(-114.30474, 39.015651)"
Pinus longaeva D.K.Bailey,"c(-118.179105, 36.830653)"
Pinus longaeva D.K.Bailey,"c(-118.180992, 37.383145)"
Pinus longaeva D.K.Bailey,"c(-118.122593, 36.849348)"
Pinus longaeva D.K.Bailey,"c(-118.181227, 36.903005)"
Pinus longaeva D.K.Bailey,"c(-118.160378, 36.801407)"
Pinus longaeva D.K.Bailey,"c(-112.237038, 37.473023)"
Pinus longaeva D.K.Bailey,"c(-112.23634, 37.473285)"
Pinus longaeva D.K.Bailey,"c(-112.23634, 37.473285)"
Pinus longaeva D.K.Bailey,"c(-118.178029, 37.386275)"
Pinus longaeva D.K.Bailey,"c(-112.844781, 37.610356)"
Pinus longaeva D.K.Bailey,"c(-112.161925, 37.615005)"
Pinus longaeva D.K.Bailey,"c(-112.828694, 37.620625)"
Pinus longaeva D.K.Bailey,"c(-115.639567, 36.293478)"
Pinus longaeva D.K.Bailey,"c(-114.30413, 39.001575)"
Pinus longaeva D.K.Bailey,"c(-114.74136, 38.69324)"
Pinus longaeva D.K.Bailey,"c(-114.72726, 38.64672)"
Pinus longaeva D.K.Bailey,"c(-114.73134, 38.61776)"
Pinus longaeva D.K.Bailey,"c(-114.92778, 38.50821)"
Pinus longaeva D.K.Bailey,"c(-114.91468, 38.50657)"
Pinus longaeva D.K.Bailey,"c(-114.91972, 38.52015)"
Pinus longaeva D.K.Bailey,"c(-114.97264, 38.42185)"
Pinus longaeva D.K.Bailey,"c(-114.97618, 38.41757)"
Pinus longaeva D.K.Bailey,"c(-112.15493, 37.635788)"
Pinus longaeva D.K.Bailey,"c(-112.168233, 37.736756)"
Pinus longaeva D.K.Bailey,"c(-115.682968, 36.317657)"
Pinus longaeva D.K.Bailey,"c(-115.691986, 36.31665)"
Pinus longaeva D.K.Bailey,"c(-118.178572, 37.385553)"
Pinus longaeva D.K.Bailey,"c(-118.179375, 37.385462)"
Pinus longaeva D.K.Bailey,"c(-118.178437, 37.38557)"
Pinus longaeva D.K.Bailey,"c(-118.176163, 37.385395)"
Pinus longaeva D.K.Bailey,"c(-117.790905, 37.741936)"
Pinus longaeva D.K.Bailey,"c(-117.788919, 37.745208)"
Pinus longaeva D.K.Bailey,"c(-112.334108, 37.764737)"
Pinus longaeva D.K.Bailey,"c(-112.223296, 37.650241)"
Pinus longaeva D.K.Bailey,"c(-117.788847, 37.745339)"
Pinus longaeva D.K.Bailey,"c(-117.789153, 37.744389)"
Pinus longaeva D.K.Bailey,"c(-118.1799, 37.387505)"
Pinus longaeva D.K.Bailey,"c(-118.078119, 37.215442)"
Pinus longaeva D.K.Bailey,"c(-118.180578, 37.387633)"
Pinus longaeva D.K.Bailey,"c(-118.179875, 37.388816)"
Pinus longaeva D.K.Bailey,"c(-115.621892, 36.311239)"
Pinus longaeva D.K.Bailey,"c(-115.630704, 36.305976)"
Pinus longaeva D.K.Bailey,"c(-112.83213, 37.632137)"
Pinus longaeva D.K.Bailey,"c(-112.240172, 37.474533)"
Pinus longaeva D.K.Bailey,"c(-118.178245, 37.385305)"
Pinus longaeva D.K.Bailey,"c(-118.181495, 37.389562)"
Pinus longaeva D.K.Bailey,"c(-112.834619, 37.608157)"
Pinus longaeva D.K.Bailey,"c(-118.178167, 37.385372)"
Pinus longaeva D.K.Bailey,"c(-118.180106, 37.389361)"
Pinus longaeva D.K.Bailey,"c(-112.849838, 37.684999)"
Pinus longaeva D.K.Bailey,"c(-114.193122, 39.28792)"
Pinus longaeva D.K.Bailey,"c(-118.174028, 37.385214)"
Pinus longaeva D.K.Bailey,"c(-118.174989, 37.385086)"
Pinus longaeva D.K.Bailey,"c(-112.754045, 37.499805)"
Pinus longaeva D.K.Bailey,"c(-114.201508, 39.287812)"
Pinus longaeva D.K.Bailey,"c(-118.195367, 37.424661)"
Pinus longaeva D.K.Bailey,"c(-114.173325, 39.288387)"
Pinus longaeva D.K.Bailey,"c(-114.168708, 39.285637)"
Pinus longaeva D.K.Bailey,"c(-114.16883, 39.286033)"
Pinus longaeva D.K.Bailey,"c(-114.169363, 39.285725)"
Pinus longaeva D.K.Bailey,"c(-114.185538, 39.280487)"
Pinus aristata Engelm.,"c(-105.767578, 39.222569)"
Pinus aristata Engelm.,"c(-105.466981, 35.701931)"
Pinus aristata Engelm.,"c(-105.553518, 35.769273)"
Pinus aristata Engelm.,"c(-105.775855, 35.794628)"
Pinus aristata Engelm.,"c(-106.048286, 39.478692)"
Pinus aristata Engelm.,"c(-104.76677, 40.392913)"
Pinus aristata Engelm.,"c(-105.592057, 39.643818)"
Pinus aristata Engelm.,"c(-106.594953, 37.719108)"
Pinus aristata Engelm.,"c(-105.752097, 35.824469)"
Pinus aristata Engelm.,"c(-111.719409, 35.331522)"
Pinus aristata Engelm.,"c(-105.776917, 35.792056)"
Pinus aristata Engelm.,"c(-106.784813, 37.454801)"
Pinus aristata Engelm.,"c(-105.212442, 36.626872)"
Pinus aristata Engelm.,"c(-106.099228, 39.208653)"
Pinus aristata Engelm.,"c(-106.10138, 39.208295)"
Pinus aristata Engelm.,"c(-105.59307, 39.641855)"
Pinus aristata Engelm.,"c(-105.427036, 36.590373)"
Pinus aristata Engelm.,"c(-105.40248, 36.225425)"
Pinus aristata Engelm.,"c(-105.137358, 37.98908)"
Pinus aristata Engelm.,"c(-106.077072, 39.320533)"
Pinus aristata Engelm.,"c(-106.075311, 39.322825)"
Pinus aristata Engelm.,"c(-105.609177, 39.65283)"
Pinus aristata Engelm.,"c(-105.592606, 39.641916)"
Pinus aristata Engelm.,"c(-106.336762, 39.035125)"
Pinus aristata Engelm.,"c(-106.00843, 39.256772)"
Pinus aristata Engelm.,"c(-105.065414, 38.876828)"
Pinus aristata Engelm.,"c(-106.059025, 39.316718)"
Pinus aristata Engelm.,"c(-105.553313, 38.808916)"
Pinus aristata Engelm.,"c(-106.365465, 39.639649)"
Pinus aristata Engelm.,"c(-105.580925, 39.550812)"
Pinus aristata Engelm.,"c(-105.592564, 39.642583)"
Pinus aristata Engelm.,"c(-106.103779, 39.20776)"
Pinus aristata Engelm.,"c(-111.684504, 35.326082)"
Pinus aristata Engelm.,"c(-106.275135, 39.17862)"
Pinus aristata Engelm.,"c(-111.688974, 35.334345)"
Pinus aristata Engelm.,"c(-111.68229, 35.33562)"
Pinus aristata Engelm.,"c(-106.072594, 39.366164)"
Pinus aristata Engelm.,"c(-105.543141, 36.60921)"
Pinus aristata Engelm.,"c(-105.729041, 39.69454)"
Pinus aristata Engelm.,"c(-105.006531, 37.36248)"
Pinus aristata Engelm.,"c(-106.044364, 39.477172)"
Pinus aristata Engelm.,"c(-105.864005, 39.091739)"
Pinus aristata Engelm.,"c(-106.073216, 39.632475)"
Pinus aristata Engelm.,"c(-105.968435, 39.605767)"
Pinus aristata Engelm.,"c(-105.575906, 39.649735)"
Pinus aristata Engelm.,"c(-105.183595, 38.039792)"
Pinus aristata Engelm.,"c(-106.052339, 39.476845)"
Pinus aristata Engelm.,"c(-105.592438, 39.643345)"
Pinus aristata Engelm.,"c(-105.493622, 39.67952)"
Pinus aristata Engelm.,"c(-105.593613, 39.642317)"
Pinus aristata Engelm.,"c(-106.040184, 39.473526)"
Pinus aristata Engelm.,"c(-106.929463, 37.779651)"
Pinus aristata Engelm.,"c(-105.694551, 39.48961)"
Pinus aristata Engelm.,"c(-105.689036, 39.497989)"
Pinus aristata Engelm.,"c(-106.035999, 38.554112)"
Pinus aristata Engelm.,"c(-105.154579, 38.705425)"
Pinus aristata Engelm.,"c(-105.522911, 39.677316)"
Pinus aristata Engelm.,"c(-105.121324, 37.249544)"
Pinus aristata Engelm.,"c(-106.289537, 39.630497)"
Pinus aristata Engelm.,"c(-106.077889, 39.574295)"
Pinus aristata Engelm.,"c(-106.518062, 39.643016)"
Pinus aristata Engelm.,"c(-105.961988, 39.260925)"
Pinus aristata Engelm.,"c(-105.082436, 38.921228)"
Pinus aristata Engelm.,"c(-105.128752, 38.716956)"
Pinus aristata Engelm.,"c(-105.007042, 37.362287)"
Pinus aristata Engelm.,"c(-105.872995, 39.176625)"
Pinus aristata Engelm.,"c(-106.062869, 39.286447)"
Pinus aristata Engelm.,"c(-105.59253, 39.642175)"
Pinus aristata Engelm.,"c(-105.724045, 39.694753)"
Pinus aristata Engelm.,"c(-106.457586, 37.251019)"
Pinus aristata Engelm.,"c(-105.872467, 39.175658)"
Pinus aristata Engelm.,"c(-111.682883, 35.332928)"
Pinus aristata Engelm.,"c(-105.74392, 39.385753)"
Pinus aristata Engelm.,"c(-105.743728, 39.386108)"
Pinus aristata Engelm.,"c(-105.193785, 36.771057)"
Pinus aristata Engelm.,"c(-105.592816, 39.64272)"
Pinus aristata Engelm.,"c(-105.592605, 39.642197)"
Pinus aristata Engelm.,"c(-105.505347, 39.228714)"
Pinus aristata Engelm.,"c(-104.994032, 37.372055)"
Pinus aristata Engelm.,"c(-106.132255, 39.161158)"
Pinus aristata Engelm.,"c(-105.613757, 38.067841)"
Pinus aristata Engelm.,"c(-105.795487, 39.671662)"
Pinus aristata Engelm.,"c(-106.798102, 37.947669)"
Pinus aristata Engelm.,"c(-106.047246, 39.483981)"
Pinus aristata Engelm.,"c(-111.683822, 35.337522)"
Pinus aristata Engelm.,"c(-105.521788, 39.676538)"
Pinus aristata Engelm.,"c(-105.69155, 38.718667)"
Pinus aristata Engelm.,"c(-106.028484, 39.187)"
Pinus aristata Engelm.,"c(-105.795478, 39.671695)"
Pinus aristata Engelm.,"c(-105.266853, 36.374195)"
Pinus aristata Engelm.,"c(-105.754395, 39.403672)"
Pinus aristata Engelm.,"c(-106.484244, 38.700574)"
Pinus aristata Engelm.,"c(-105.651936, 35.911666)"
Pinus aristata Engelm.,"c(-111.68763, 35.324955)"
Pinus aristata Engelm.,"c(-111.683861, 35.337506)"
Pinus aristata Engelm.,"c(-105.022628, 37.355417)"
Pinus aristata Engelm.,"c(-105.592688, 39.642338)"
Pinus aristata Engelm.,"c(-106.176138, 39.126617)"
Pinus aristata Engelm.,"c(-106.157135, 39.500546)"
Pinus aristata Engelm.,"c(-105.588936, 39.644772)"
Pinus aristata Engelm.,"c(-106.157613, 39.500318)"
Pinus aristata Engelm.,"c(-106.163783, 39.110122)"
Pinus aristata Engelm.,"c(-105.497456, 39.238857)"
Pinus aristata Engelm.,"c(-105.438401, 36.576809)"
Pinus aristata Engelm.,"c(-105.454645, 36.571605)"
Pinus aristata Engelm.,"c(-106.104832, 39.070158)"
Pinus aristata Engelm.,"c(-105.521909, 39.675859)"
Pinus aristata Engelm.,"c(-105.632641, 35.917744)"
Pinus aristata Engelm.,"c(-105.58593, 35.77283)"
Pinus aristata Engelm.,"c(-105.065467, 38.876819)"
Pinus aristata Engelm.,"c(-106.781214, 37.791292)"
Pinus aristata Engelm.,"c(-106.437764, 39.092275)"
Pinus aristata Engelm.,"c(-107.428764, 37.904264)"
Pinus aristata Engelm.,"c(-106.932603, 37.887775)"
Pinus aristata Engelm.,"c(-105.616066, 38.065277)"
Pinus aristata Engelm.,"c(-105.521788, 39.676442)"
Pinus aristata Engelm.,"c(-105.413887, 36.233458)"
Pinus aristata Engelm.,"c(-105.198693, 36.579549)"
Pinus aristata Engelm.,"c(-106.682531, 37.770172)"
Pinus aristata Engelm.,"c(-105.645037, 39.834162)"
Pinus aristata Engelm.,"c(-106.365654, 39.640015)"
Pinus aristata Engelm.,"c(-105.159378, 36.477302)"
Pinus aristata Engelm.,"c(-105.71001, 39.51184)"
Pinus aristata Engelm.,"c(-106.081161, 39.321228)"
Pinus aristata Engelm.,"c(-105.743992, 39.455783)"
Pinus aristata Engelm.,"c(-105.115916, 37.352994)"
Pinus aristata Engelm.,"c(-106.262551, 39.232896)"
Pinus aristata Engelm.,"c(-106.067886, 39.361678)"
Pinus aristata Engelm.,"c(-106.055619, 38.276367)"
Pinus aristata Engelm.,"c(-105.097769, 38.88843)"
Pinus aristata Engelm.,"c(-105.64582, 35.991815)"
Pinus aristata Engelm.,"c(-106.843111, 38.024674)"
Pinus aristata Engelm.,"c(-105.592648, 39.642295)"
Pinus aristata Engelm.,"c(-105.542792, 36.665044)"
Pinus aristata Engelm.,"c(-105.064795, 38.8772)"
Pinus aristata Engelm.,"c(-105.55438, 35.76625)"
Pinus aristata Engelm.,"c(-105.60501, 35.769908)"
Pinus aristata Engelm.,"c(-111.711258, 35.33149)"
Pinus aristata Engelm.,"c(-105.771209, 39.454473)"
Pinus aristata Engelm.,"c(-105.644937, 35.862658)"
Pinus aristata Engelm.,"c(-106.012869, 39.269553)"
Pinus aristata Engelm.,"c(-105.19111, 36.626158)"
Pinus aristata Engelm.,"c(-105.5218, 39.676452)"
Pinus aristata Engelm.,"c(-105.604028, 39.659803)"
Pinus aristata Engelm.,"c(-105.708932, 39.636543)"
Pinus aristata Engelm.,"c(-105.174707, 38.744631)"
Pinus aristata Engelm.,"c(-105.149775, 38.791008)"
Pinus aristata Engelm.,"c(-105.133568, 38.711867)"
Pinus aristata Engelm.,"c(-105.154384, 38.887709)"
Pinus aristata Engelm.,"c(-106.373001, 39.636929)"
Pinus aristata Engelm.,"c(-106.052369, 39.478387)"
Pinus aristata Engelm.,"c(-106.043995, 39.50174)"
Pinus aristata Engelm.,"c(-106.044564, 39.480153)"
Pinus aristata Engelm.,"c(-105.485078, 38.83783)"
Pinus aristata Engelm.,"c(-105.537222, 37.547778)"
Pinus aristata Engelm.,"c(-105.214984, 37.968058)"
Pinus aristata Engelm.,"c(-105.216328, 37.96953)"
Pinus aristata Engelm.,"c(-105.605159, 40.363611)"
Pinus aristata Engelm.,"c(-106.928263, 37.871291)"
Pinus aristata Engelm.,"c(-105.178971, 38.719188)"
Pinus aristata Engelm.,"c(-105.219108, 37.463397)"
Pinus aristata Engelm.,"c(-105.597642, 38.091528)"
Pinus aristata Engelm.,"c(-105.18028, 37.951937)"
Pinus aristata Engelm.,"c(-105.805362, 39.482971)"
Pinus aristata Engelm.,"c(-104.987625, 38.778933)"
Pinus aristata Engelm.,"c(-105.565233, 39.67224)"
Pinus aristata Engelm.,"c(-105.599508, 39.637452)"
Pinus aristata Engelm.,"c(-105.661042, 40.304008)"
Pinus aristata Engelm.,"c(-105.604116, 39.659866)"
Pinus aristata Engelm.,"c(-105.735759, 39.396118)"
Pinus aristata Engelm.,"c(-106.470213, 37.262262)"
Pinus aristata Engelm.,"c(-105.581353, 39.550117)"
Pinus aristata Engelm.,"c(-105.592648, 39.642458)"
Pinus aristata Engelm.,"c(-105.36048, 36.703698)"
Pinus aristata Engelm.,"c(-105.63434, 39.620748)"
Pinus aristata Engelm.,"c(-105.360542, 36.703583)"
Pinus aristata Engelm.,"c(-106.572087, 37.230914)"
Pinus aristata Engelm.,"c(-105.179537, 36.619717)"
Pinus aristata Engelm.,"c(-105.524833, 39.037445)"
Pinus aristata Engelm.,"c(-106.470059, 37.771535)"
Pinus aristata Engelm.,"c(-106.107028, 39.25517)"
Pinus aristata Engelm.,"c(-106.68393, 37.816702)"
Pinus aristata Engelm.,"c(-105.592003, 39.643436)"
Pinus aristata Engelm.,"c(-111.683476, 35.338982)"
Pinus aristata Engelm.,"c(-107.174306, 37.888731)"
Pinus aristata Engelm.,"c(-106.0169, 39.27437)"
Pinus aristata Engelm.,"c(-107.006197, 37.835842)"
Pinus aristata Engelm.,"c(-107.121454, 37.726394)"
Pinus aristata Engelm.,"c(-106.038352, 39.481747)"
Pinus aristata Engelm.,"c(-106.33908, 39.195705)"
Pinus aristata Engelm.,"c(-106.071542, 39.366863)"
Pinus aristata Engelm.,"c(-106.461936, 37.930539)"
Pinus aristata Engelm.,"c(-106.563286, 37.936806)"
Pinus aristata Engelm.,"c(-105.605271, 39.657154)"
Pinus aristata Engelm.,"c(-105.605217, 39.65718)"
Pinus aristata Engelm.,"c(-106.783676, 37.454564)"
Pinus aristata Engelm.,"c(-106.14273, 38.29418)"
Pinus aristata Engelm.,"c(-105.517869, 39.767443)"
Pinus aristata Engelm.,"c(-106.388319, 39.643909)"
Pinus aristata Engelm.,"c(-105.70089, 39.34277)"
Pinus aristata Engelm.,"c(-105.757948, 39.414104)"
Pinus aristata Engelm.,"c(-106.730892, 37.448405)"
Pinus aristata Engelm.,"c(-105.125022, 38.727722)"
Pinus aristata Engelm.,"c(-105.407855, 39.534472)"
Pinus aristata Engelm.,"c(-106.24855, 38.796762)"
Pinus aristata Engelm.,"c(-106.693533, 37.442547)"
Pinus aristata Engelm.,"c(-106.702102, 37.451511)"
Pinus aristata Engelm.,"c(-105.44092, 36.78634)"
Pinus aristata Engelm.,"c(-105.44704, 36.5606)"
Pinus aristata Engelm.,"c(-105.593138, 39.641827)"
Pinus aristata Engelm.,"c(-106.067861, 39.361624)"
Pinus aristata Engelm.,"c(-105.636258, 39.354683)"
Pinus aristata Engelm.,"c(-105.731667, 39.390953)"
Pinus aristata Engelm.,"c(-105.754494, 39.403412)"
Pinus aristata Engelm.,"c(-106.491958, 37.4579)"
Pinus aristata Engelm.,"c(-106.345192, 38.516812)"
Pinus aristata Engelm.,"c(-105.065403, 38.87685)"
Pinus aristata Engelm.,"c(-106.069065, 39.361428)"
Pinus aristata Engelm.,"c(-105.544911, 36.607597)"
Pinus aristata Engelm.,"c(-106.109353, 39.272328)"
Pinus aristata Engelm.,"c(-111.683563, 35.338505)"
Pinus aristata Engelm.,"c(-105.776903, 35.79205)"
Pinus aristata Engelm.,"c(-104.996103, 37.339179)"
Pinus aristata Engelm.,"c(-105.592482, 39.642092)"
Pinus aristata Engelm.,"c(-105.595477, 39.656539)"
Pinus aristata Engelm.,"c(-105.592675, 39.64232)"
Pinus aristata Engelm.,"c(-105.599517, 39.637447)"
Pinus aristata Engelm.,"c(-106.807762, 37.465195)"
Pinus aristata Engelm.,"c(-105.592567, 39.642095)"
Pinus aristata Engelm.,"c(-105.400988, 39.731717)"
Pinus aristata Engelm.,"c(-105.487591, 39.777958)"
Pinus aristata Engelm.,"c(-105.439489, 39.725538)"
Pinus aristata Engelm.,"c(-105.405221, 39.677582)"
Pinus aristata Engelm.,"c(-105.421152, 39.680586)"
Pinus aristata Engelm.,"c(-105.567768, 39.795295)"
Pinus aristata Engelm.,"c(-105.513464, 39.745927)"
Pinus aristata Engelm.,"c(-105.521544, 39.638616)"
Pinus aristata Engelm.,"c(-105.425018, 39.612161)"
Pinus aristata Engelm.,"c(-106.011707, 39.297567)"
Pinus aristata Engelm.,"c(-106.011586, 39.348453)"
Pinus aristata Engelm.,"c(-106.030315, 39.263967)"
Pinus aristata Engelm.,"c(-105.493723, 39.699598)"
Pinus aristata Engelm.,"c(-105.463476, 39.670949)"
Pinus aristata Engelm.,"c(-105.593164, 39.6418)"
Pinus aristata Engelm.,"c(-106.139574, 39.3109)"
Pinus aristata Engelm.,"c(-106.180669, 39.209589)"
Pinus aristata Engelm.,"c(-106.058103, 39.336178)"
Pinus aristata Engelm.,"c(-106.08664, 39.322114)"
Pinus aristata Engelm.,"c(-106.16532, 39.231452)"
Pinus aristata Engelm.,"c(-106.067099, 39.220441)"
Pinus aristata Engelm.,"c(-106.015123, 39.302731)"
Pinus aristata Engelm.,"c(-106.080388, 39.257778)"
Pinus aristata Engelm.,"c(-106.061521, 39.283613)"
Pinus aristata Engelm.,"c(-106.054409, 39.223707)"
Pinus aristata Engelm.,"c(-106.063843, 39.398502)"
Pinus aristata Engelm.,"c(-105.553383, 37.964981)"
Pinus aristata Engelm.,"c(-105.9846, 38.42062)"
Pinus aristata Engelm.,"c(-105.683639, 40.343149)"
Pinus aristata Engelm.,"c(-105.592575, 39.642195)"
Pinus aristata Engelm.,"c(-105.269606, 37.288575)"
Pinus aristata Engelm.,"c(-105.660903, 40.304)"
Pinus aristata Engelm.,"c(-104.949611, 38.844643)"
Pinus aristata Engelm.,"c(-105.023575, 38.77747)"
Pinus aristata Engelm.,"c(-105.805566, 35.671755)"
Pinus aristata Engelm.,"c(-105.178123, 38.889202)"
Pinus aristata Engelm.,"c(-106.090992, 39.205636)"
Pinus aristata Engelm.,"c(-105.597496, 35.862472)"
Pinus aristata Engelm.,"c(-106.154061, 39.09877)"
Pinus aristata Engelm.,"c(-106.025383, 39.465845)"
Pinus aristata Engelm.,"c(-111.716525, 35.331588)"
Pinus aristata Engelm.,"c(-111.712013, 35.333462)"
Pinus aristata Engelm.,"c(-105.597922, 39.657112)"
Pinus aristata Engelm.,"c(-105.592413, 39.643622)"
Pinus aristata Engelm.,"c(-105.592347, 39.643738)"
Pinus aristata Engelm.,"c(-105.592462, 39.643355)"
Pinus aristata Engelm.,"c(-105.592445, 39.644163)"
Pinus aristata Engelm.,"c(-105.59192, 39.644405)"
Pinus aristata Engelm.,"c(-105.591667, 39.644437)"
Pinus aristata Engelm.,"c(-105.126787, 38.72692)"
Pinus aristata Engelm.,"c(-105.592622, 39.642872)"
Pinus aristata Engelm.,"c(-105.592287, 39.643712)"
Pinus aristata Engelm.,"c(-105.592195, 39.643755)"
Pinus aristata Engelm.,"c(-105.592187, 39.643745)"
Pinus aristata Engelm.,"c(-105.592362, 39.64357)"
Pinus aristata Engelm.,"c(-105.593003, 39.641813)"
Pinus aristata Engelm.,"c(-105.603699, 39.632862)"
Pinus aristata Engelm.,"c(-106.46283, 37.977587)"
Pinus aristata Engelm.,"c(-105.516243, 39.67926)"
Pinus aristata Engelm.,"c(-111.720303, 35.328068)"
Pinus aristata Engelm.,"c(-106.10553, 39.056081)"
Pinus aristata Engelm.,"c(-111.683845, 35.337497)"
Pinus aristata Engelm.,"c(-105.645206, 39.833175)"
Pinus aristata Engelm.,"c(-105.645681, 39.832164)"
Pinus aristata Engelm.,"c(-105.645628, 39.831997)"
Pinus aristata Engelm.,"c(-105.099289, 37.168092)"
Pinus aristata Engelm.,"c(-105.516174, 39.679199)"
Pinus aristata Engelm.,"c(-105.646211, 39.835056)"
Pinus aristata Engelm.,"c(-106.065861, 39.284722)"
Pinus aristata Engelm.,"c(-105.645082, 39.832638)"
Pinus aristata Engelm.,"c(-105.064789, 38.876915)"
Pinus aristata Engelm.,"c(-104.912128, 39.716919)"
Pinus aristata Engelm.,"c(-105.49363, 39.679538)"
Pinus aristata Engelm.,"c(-105.722053, 39.407337)"
Pinus aristata Engelm.,"c(-105.940092, 39.610447)"
Pinus aristata Engelm.,"c(-105.026183, 38.970997)"
Pinus aristata Engelm.,"c(-105.181017, 38.879097)"
Pinus aristata Engelm.,"c(-105.184537, 38.895635)"
Pinus aristata Engelm.,"c(-105.59934, 39.652234)"
Pinus aristata Engelm.,"c(-105.065381, 38.876863)"
Pinus aristata Engelm.,"c(-105.600544, 39.636641)"
Pinus aristata Engelm.,"c(-105.486503, 39.220488)"
Pinus aristata Engelm.,"c(-105.592594, 39.642186)"
Pinus aristata Engelm.,"c(-106.393788, 37.884899)"
Pinus aristata Engelm.,"c(-105.751467, 39.470206)"
Pinus aristata Engelm.,"c(-105.161052, 38.750024)"
Pinus aristata Engelm.,"c(-105.600865, 39.636605)"
Pinus aristata Engelm.,"c(-105.593115, 39.641695)"
Pinus aristata Engelm.,"c(-105.872475, 39.175188)"
Pinus aristata Engelm.,"c(-105.005441, 37.362106)"
Pinus aristata Engelm.,"c(-105.537147, 39.316788)"
Pinus aristata Engelm.,"c(-106.807964, 37.465214)"
Pinus aristata Engelm.,"c(-106.535037, 37.981385)"
Pinus aristata Engelm.,"c(-105.592929, 39.641903)"
Pinus aristata Engelm.,"c(-105.523054, 39.675544)"
Pinus aristata Engelm.,"c(-105.775055, 39.418005)"
Pinus aristata Engelm.,"c(-105.022273, 38.732996)"
Pinus aristata Engelm.,"c(-106.355897, 38.665062)"
Pinus aristata Engelm.,"c(-105.872245, 39.1758)"
Pinus aristata Engelm.,"c(-105.599517, 39.637475)"
Pinus aristata Engelm.,"c(-105.599269, 39.637667)"
Pinus aristata Engelm.,"c(-106.072992, 39.366292)"
Pinus aristata Engelm.,"c(-106.077756, 39.026034)"
Pinus aristata Engelm.,"c(-105.709062, 40.231914)"
Pinus aristata Engelm.,"c(-105.521305, 39.676782)"
Pinus aristata Engelm.,"c(-106.270242, 38.950083)"
Pinus aristata Engelm.,"c(-111.651082, 35.32714)"
Pinus aristata Engelm.,"c(-105.621812, 39.828037)"
Pinus aristata Engelm.,"c(-105.427003, 36.590497)"
Pinus aristata Engelm.,"c(-105.046784, 38.862388)"
Pinus aristata Engelm.,"c(-105.792502, 39.573138)"
Pinus aristata Engelm.,"c(-105.597755, 39.656333)"
Pinus aristata Engelm.,"c(-106.210053, 39.33606)"
Pinus aristata Engelm.,"c(-105.599253, 39.637577)"
Pinus aristata Engelm.,"c(-105.592816, 39.64272)"
Pinus aristata Engelm.,"c(-105.59198, 39.642392)"
Pinus aristata Engelm.,"c(-111.716201, 35.331739)"
Pinus aristata Engelm.,"c(-105.516158, 39.679295)"
Pinus aristata Engelm.,"c(-106.344597, 38.519371)"
Pinus aristata Engelm.,"c(-105.953462, 39.607076)"
Pinus aristata Engelm.,"c(-106.11441, 39.250774)"
Pinus aristata Engelm.,"c(-106.075255, 39.206105)"
Pinus aristata Engelm.,"c(-106.083017, 39.31926)"
Pinus aristata Engelm.,"c(-106.24852, 38.796862)"
Pinus aristata Engelm.,"c(-105.616554, 39.628284)"
Pinus aristata Engelm.,"c(-105.616554, 39.628284)"
Pinus aristata Engelm.,"c(-105.616554, 39.628284)"
Pinus aristata Engelm.,"c(-105.616554, 39.628284)"
Pinus aristata Engelm.,"c(-105.572032, 39.669733)"
Pinus aristata Engelm.,"c(-106.432762, 37.921092)"
Pinus aristata Engelm.,"c(-106.667088, 37.431297)"
Pinus aristata Engelm.,"c(-106.730918, 37.448479)"
Pinus aristata Engelm.,"c(-105.494862, 36.666163)"
Pinus aristata Engelm.,"c(-105.522185, 39.677597)"
Pinus aristata Engelm.,"c(-105.444892, 38.633396)"
Pinus aristata Engelm.,"c(-106.366391, 39.640222)"
Pinus aristata Engelm.,"c(-106.099136, 39.203469)"
Pinus aristata Engelm.,"c(-105.022776, 38.840754)"
Pinus aristata Engelm.,"c(-105.522157, 39.675623)"
Pinus aristata Engelm.,"c(-105.522067, 39.675729)"
Pinus aristata Engelm.,"c(-105.666448, 39.223003)"
Pinus aristata Engelm.,"c(-105.065392, 38.876838)"
Pinus aristata Engelm.,"c(-105.740499, 39.673825)"
Pinus aristata Engelm.,"c(-106.074836, 39.321875)"
Pinus aristata Engelm.,"c(-105.592769, 39.642535)"
Pinus aristata Engelm.,"c(-106.41298, 37.551783)"
Pinus aristata Engelm.,"c(-105.136903, 38.833536)"
Pinus aristata Engelm.,"c(-106.0505, 39.477067)"
Pinus aristata Engelm.,"c(-105.722101, 39.970675)"
Pinus aristata Engelm.,"c(-105.43287, 39.292637)"
Pinus aristata Engelm.,"c(-106.025018, 39.460212)"
Pinus aristata Engelm.,"c(-106.35785, 37.882522)"
Pinus aristata Engelm.,"c(-106.071281, 39.365526)"
Pinus aristata Engelm.,"c(-105.665558, 37.961208)"
Pinus aristata Engelm.,"c(-105.02623, 38.97103)"
Pinus aristata Engelm.,"c(-105.738548, 39.696398)"
Pinus aristata Engelm.,"c(-105.549164, 37.5625)"
Pinus aristata Engelm.,"c(-105.881814, 39.366106)"
Pinus aristata Engelm.,"c(-105.160686, 38.874363)"
Pinus aristata Engelm.,"c(-111.652403, 35.323882)"
Pinus aristata Engelm.,"c(-105.602141, 35.764476)"
Pinus aristata Engelm.,"c(-111.683564, 35.339711)"
Pinus aristata Engelm.,"c(-111.673683, 35.359997)"
Pinus aristata Engelm.,"c(-111.682603, 35.335975)"
Pinus aristata Engelm.,"c(-105.6875, 38.80305)"
Pinus aristata Engelm.,"c(-105.149465, 38.710191)"
Pinus aristata Engelm.,"c(-105.213587, 36.955938)"
Pinus aristata Engelm.,"c(-105.522376, 39.676568)"
Pinus aristata Engelm.,"c(-105.599463, 39.3675)"
Pinus aristata Engelm.,"c(-105.808327, 39.158244)"
Pinus aristata Engelm.,"c(-106.807743, 37.46514)"
Pinus aristata Engelm.,"c(-105.182792, 38.894233)"
Pinus aristata Engelm.,"c(-105.101019, 37.379708)"
Pinus aristata Engelm.,"c(-105.831454, 40.250092)"
Pinus aristata Engelm.,"c(-105.024779, 37.349443)"
Pinus aristata Engelm.,"c(-111.681914, 35.333939)"
Pinus aristata Engelm.,"c(-111.68188, 35.335179)"
Pinus aristata Engelm.,"c(-106.263542, 39.233227)"
Pinus aristata Engelm.,"c(-111.719207, 35.33211)"
Pinus aristata Engelm.,"c(-105.065415, 38.877104)"
Pinus aristata Engelm.,"c(-105.635513, 39.619697)"
Pinus aristata Engelm.,"c(-106.807736, 37.46512)"
Pinus aristata Engelm.,"c(-111.689023, 35.334383)"
Pinus aristata Engelm.,"c(-111.683713, 35.332735)"
Pinus aristata Engelm.,"c(-111.68361, 35.332783)"
Pinus aristata Engelm.,"c(-105.63233, 35.86373)"
Pinus aristata Engelm.,"c(-105.724953, 39.567905)"
Pinus aristata Engelm.,"c(-105.585313, 38.031446)"
Pinus aristata Engelm.,"c(-105.1587, 38.020653)"
Pinus aristata Engelm.,"c(-111.683517, 35.338538)"
Pinus aristata Engelm.,"c(-106.353368, 37.678944)"
Pinus aristata Engelm.,"c(-106.100979, 39.205074)"
Pinus aristata Engelm.,"c(-106.114114, 39.250375)"
Pinus aristata Engelm.,"c(-105.7863, 38.852128)"
Pinus aristata Engelm.,"c(-105.756675, 39.413321)"
Pinus aristata Engelm.,"c(-106.107728, 39.129414)"
Pinus aristata Engelm.,"c(-106.107614, 39.129475)"
Pinus aristata Engelm.,"c(-111.720191, 35.328094)"
Pinus aristata Engelm.,"c(-111.682731, 35.336119)"
Pinus aristata Engelm.,"c(-111.683572, 35.34)"
Pinus aristata Engelm.,"c(-106.30435, 38.9485)"
Pinus aristata Engelm.,"c(-111.654284, 35.336981)"
Pinus aristata Engelm.,"c(-105.591867, 39.690025)"
Pinus aristata Engelm.,"c(-105.632039, 39.584225)"
Pinus aristata Engelm.,"c(-105.59, 39.521881)"
Pinus aristata Engelm.,"c(-105.862384, 39.447911)"
Pinus aristata Engelm.,"c(-105.987668, 39.825092)"
Pinus aristata Engelm.,"c(-106.176086, 39.126588)"
Pinus aristata Engelm.,"c(-111.651055, 35.339608)"
Pinus aristata Engelm.,"c(-111.6771, 35.214905)"
Pinus aristata Engelm.,"c(-106.124467, 39.159531)"
Pinus aristata Engelm.,"c(-105.592575, 39.642175)"
Pinus aristata Engelm.,"c(-104.963245, 38.876735)"
Pinus aristata Engelm.,"c(-105.596083, 39.61667)"
Pinus aristata Engelm.,"c(-106.114189, 39.250613)"
Pinus aristata Engelm.,"c(-106.216103, 38.615017)"
Pinus aristata Engelm.,"c(-105.509919, 39.670462)"
Pinus aristata Engelm.,"c(-111.684981, 35.334092)"
Pinus aristata Engelm.,"c(-106.899976, 39.029004)"
Pinus aristata Engelm.,"c(-111.695572, 35.33725)"
Pinus aristata Engelm.,"c(-111.695586, 35.33725)"
Pinus aristata Engelm.,"c(-105.57906, 39.659639)"
Pinus aristata Engelm.,"c(-105.775833, 35.79465)"
Pinus aristata Engelm.,"c(-111.683618, 35.340565)"
Pinus aristata Engelm.,"c(-111.719215, 35.332127)"
Pinus aristata Engelm.,"c(-105.124733, 38.724075)"
Pinus aristata Engelm.,"c(-105.694641, 39.490026)"
Pinus aristata Engelm.,"c(-111.683555, 35.339692)"
Pinus aristata Engelm.,"c(-111.682092, 35.334378)"
Pinus aristata Engelm.,"c(-111.692367, 35.334203)"
Pinus aristata Engelm.,"c(-105.404179, 36.587782)"
Pinus aristata Engelm.,"c(-106.735789, 37.92257)"
Pinus aristata Engelm.,"c(-105.571303, 39.638882)"
Pinus aristata Engelm.,"c(-111.725128, 35.307167)"
Pinus aristata Engelm.,"c(-105.466928, 35.702065)"
Pinus aristata Engelm.,"c(-107.029615, 37.923214)"
Pinus aristata Engelm.,"c(-105.122327, 38.701507)"
Pinus aristata Engelm.,"c(-105.592799, 39.642357)"
Pinus aristata Engelm.,"c(-107.218788, 37.997413)"
Pinus aristata Engelm.,"c(-106.70216, 37.451399)"
Pinus aristata Engelm.,"c(-105.940247, 39.427647)"
Pinus aristata Engelm.,"c(-105.573303, 39.669737)"
Pinus aristata Engelm.,"c(-105.592786, 39.642318)"
Pinus aristata Engelm.,"c(-105.596145, 39.639317)"
Pinus aristata Engelm.,"c(-105.08239, 36.44947)"
Pinus aristata Engelm.,"c(-105.645148, 39.833049)"
Pinus aristata Engelm.,"c(-105.592637, 39.642413)"
Pinus aristata Engelm.,"c(-105.592595, 39.642377)"
Pinus aristata Engelm.,"c(-106.10321, 39.206249)"
Pinus aristata Engelm.,"c(-105.987403, 39.825789)"
Pinus aristata Engelm.,"c(-105.592537, 39.642217)"
Pinus aristata Engelm.,"c(-105.555056, 39.326579)"
Pinus aristata Engelm.,"c(-105.679991, 39.364347)"
Pinus aristata Engelm.,"c(-105.59235, 39.642635)"
Pinus aristata Engelm.,"c(-105.724694, 39.451042)"
Pinus aristata Engelm.,"c(-105.72535, 39.450972)"
Pinus aristata Engelm.,"c(-105.725328, 39.450936)"
Pinus aristata Engelm.,"c(-105.725136, 39.450569)"
Pinus aristata Engelm.,"c(-105.724992, 39.450786)"
Pinus aristata Engelm.,"c(-105.728692, 39.451428)"
Pinus aristata Engelm.,"c(-104.947986, 38.754058)"
Pinus aristata Engelm.,"c(-105.087936, 38.882644)"
Pinus aristata Engelm.,"c(-111.682076, 35.335579)"
Pinus aristata Engelm.,"c(-105.175636, 38.726269)"
Pinus aristata Engelm.,"c(-106.098975, 39.296037)"
Pinus aristata Engelm.,"c(-105.175636, 38.726269)"
Pinus aristata Engelm.,"c(-106.349487, 38.53032)"
Pinus aristata Engelm.,"c(-106.241026, 38.384411)"
Pinus aristata Engelm.,"c(-111.71814, 35.334812)"
Pinus aristata Engelm.,"c(-105.719489, 40.330176)"
Pinus aristata Engelm.,"c(-111.651222, 35.339828)"
Pinus balfouriana subsp. austrina Bruijn & J.Mastrog.,"c(-118.68267, 36.597692)"
Pinus balfouriana Balf.,"c(-118.328833, 36.688228)"
Pinus balfouriana Balf.,"c(-118.347978, 36.779625)"
Pinus balfouriana Balf.,"c(-122.494897, 41.311633)"
Pinus balfouriana Balf.,"c(-122.48848, 41.318822)"
Pinus balfouriana Balf.,"c(-122.886614, 40.941104)"
Pinus balfouriana Balf.,"c(-122.896204, 40.953216)"
Pinus balfouriana Balf.,"c(-122.900913, 40.945981)"
Pinus balfouriana subsp. austrina Bruijn & J.Mastrog.,"c(-118.207542, 36.453578)"
Pinus balfouriana Balf.,"c(-122.485345, 41.317097)"
Pinus balfouriana Balf.,"c(-118.516455, 36.417169)"
Pinus balfouriana Balf.,"c(-118.170093, 36.453274)"
Pinus balfouriana Balf.,"c(-122.490174, 41.327713)"
Pinus balfouriana subsp. austrina Bruijn & J.Mastrog.,"c(-118.337662, 36.771708)"
Pinus balfouriana Balf.,"c(-122.48703, 41.316642)"
Pinus balfouriana subsp. austrina Bruijn & J.Mastrog.,"c(-118.390235, 36.650988)"
Pinus balfouriana Balf.,"c(-118.521361, 36.424001)"
Pinus balfouriana Balf.,"c(-122.489647, 41.315025)"
Pinus balfouriana Balf.,"c(-122.488563, 41.317863)"
Pinus balfouriana subsp. austrina Bruijn & J.Mastrog.,"c(-118.351647, 36.770283)"
Pinus balfouriana subsp. austrina Bruijn & J.Mastrog.,"c(-118.163131, 36.450306)"
Pinus balfouriana Balf.,"c(-118.163519, 36.450828)"
Pinus balfouriana Balf.,"c(-122.862472, 41.059714)"
Pinus balfouriana Balf.,"c(-122.482453, 41.316628)"
Pinus balfouriana Balf.,"c(-122.53958, 41.345218)"
Pinus balfouriana Balf.,"c(-122.941733, 40.99252)"
Pinus balfouriana Balf.,"c(-122.940292, 40.992603)"
Pinus balfouriana Balf.,"c(-122.485216, 41.317042)"
Pinus balfouriana Balf.,"c(-122.906831, 40.949869)"
Pinus balfouriana Balf.,"c(-118.173395, 36.453465)"
Pinus balfouriana Balf.,"c(-123.024639, 40.974089)"
Pinus balfouriana Balf.,"c(-122.485542, 41.316897)"
Pinus balfouriana Balf.,"c(-118.220388, 36.449588)"
Pinus balfouriana subsp. austrina Bruijn & J.Mastrog.,"c(-118.608108, 36.414493)"
Pinus balfouriana subsp. austrina Bruijn & J.Mastrog.,"c(-118.327445, 35.922184)"
Pinus balfouriana subsp. austrina Bruijn & J.Mastrog.,"c(-118.335127, 35.92364)"
Pinus balfouriana Balf.,"c(-118.251074, 36.579459)"
Pinus balfouriana Balf.,"c(-122.794234, 41.203414)"
Pinus balfouriana Balf.,"c(-122.487831, 41.316497)"
Pinus balfouriana Balf.,"c(-118.17135, 36.448395)"
Pinus balfouriana subsp. austrina Bruijn & J.Mastrog.,"c(-118.282547, 36.355122)"
Pinus balfouriana Balf.,"c(-118.344955, 36.7724)"
Pinus balfouriana subsp. austrina Bruijn & J.Mastrog.,"c(-118.176469, 36.427006)"
Pinus balfouriana Balf.,"c(-123.080596, 41.471978)"
Pinus balfouriana Balf.,"c(-122.793511, 41.204442)"
Pinus balfouriana Balf.,"c(-122.787197, 41.213603)"
Pinus balfouriana Balf.,"c(-122.489268, 41.315723)"
Pinus balfouriana Balf.,"c(-122.480175, 41.317096)"
Pinus balfouriana Balf.,"c(-122.716157, 41.267741)"
Pinus balfouriana Balf.,"c(-123.085003, 41.583638)"
Pinus balfouriana Balf.,"c(-123.072518, 41.585052)"
Pinus balfouriana Balf.,"c(-123.073975, 41.586839)"
Pinus balfouriana Balf.,"c(-118.197734, 36.491467)"
Pinus balfouriana Balf.,"c(-118.22164, 36.499269)"
Pinus balfouriana Balf.,"c(-122.492069, 41.318712)"
Pinus balfouriana Balf.,"c(-122.487446, 41.316703)"
Pinus balfouriana Balf.,"c(-122.480233, 41.31806)"
Pinus balfouriana Balf.,"c(-122.481921, 41.316567)"
Pinus balfouriana Balf.,"c(-122.482189, 41.316559)"
Pinus balfouriana Balf.,"c(-122.48497, 41.31697)"
Pinus balfouriana Balf.,"c(-118.164383, 36.452747)"
Pinus balfouriana Balf.,"c(-118.192894, 36.462464)"
Pinus balfouriana Balf.,"c(-122.786067, 41.215158)"
Pinus balfouriana Balf.,"c(-122.786067, 41.215158)"
Pinus balfouriana subsp. austrina Bruijn & J.Mastrog.,"c(-118.169495, 36.45293)"
Pinus balfouriana subsp. austrina Bruijn & J.Mastrog.,"c(-118.169032, 36.452037)"
Pinus balfouriana Balf.,"c(-122.90162, 41.023842)"
Pinus balfouriana Balf.,"c(-118.231063, 36.488445)"
Pinus balfouriana subsp. austrina Bruijn & J.Mastrog.,"c(-118.169391, 36.45293)"
Pinus balfouriana Balf.,"c(-118.665628, 36.58815)"
Pinus balfouriana subsp. austrina Bruijn & J.Mastrog.,"c(-118.169533, 36.452908)"
Pinus balfouriana subsp. austrina Bruijn & J.Mastrog.,"c(-118.169572, 36.45297)"
Pinus balfouriana Balf.,"c(-122.952061, 41.302874)"
Pinus balfouriana Balf.,"c(-122.95449, 41.301941)"
Pinus balfouriana subsp. austrina Bruijn & J.Mastrog.,"c(-118.349022, 36.77017)"
Pinus balfouriana Balf.,"c(-122.485514, 41.316935)"
Pinus balfouriana Balf.,"c(-123.046989, 41.012558)"
Pinus balfouriana Balf.,"c(-122.489088, 41.315983)"
Pinus balfouriana Balf.,"c(-122.873339, 40.955692)"
Pinus balfouriana subsp. austrina Bruijn & J.Mastrog.,"c(-118.222113, 36.455262)"
Pinus balfouriana Balf.,"c(-118.419011, 36.825079)"
Pinus balfouriana Balf.,"c(-118.356438, 36.770642)"
Pinus balfouriana subsp. austrina Bruijn & J.Mastrog.,"c(-118.349962, 36.770642)"
Pinus balfouriana Balf.,"c(-122.894128, 41.036536)"
Pinus balfouriana Balf.,"c(-122.867142, 41.036592)"
Pinus balfouriana Balf.,"c(-122.902047, 40.991867)"
Pinus balfouriana Balf.,"c(-122.882417, 40.960308)"
Pinus balfouriana Balf.,"c(-122.495357, 41.317456)"
Pinus balfouriana Balf.,"c(-122.493664, 41.317086)"
Pinus balfouriana Balf.,"c(-122.49293, 41.318599)"
Pinus balfouriana Balf.,"c(-118.26304, 36.567854)"
Pinus balfouriana Balf.,"c(-118.261768, 36.570305)"
Pinus balfouriana Balf.,"c(-118.666544, 36.587381)"
Pinus balfouriana subsp. austrina Bruijn & J.Mastrog.,"c(-118.258978, 36.571647)"
Pinus balfouriana subsp. austrina Bruijn & J.Mastrog.,"c(-118.282323, 36.578831)"
Pinus balfouriana subsp. austrina Bruijn & J.Mastrog.,"c(-118.343313, 36.775183)"
Pinus balfouriana subsp. austrina Bruijn & J.Mastrog.,"c(-118.419344, 36.857225)"
Pinus balfouriana subsp. austrina Bruijn & J.Mastrog.,"c(-118.409562, 36.837808)"
Pinus balfouriana Balf.,"c(-118.360964, 36.547778)"
Pinus balfouriana subsp. austrina Bruijn & J.Mastrog.,"c(-118.170617, 36.448053)"
Pinus balfouriana Balf.,"c(-118.261658, 36.568937)"
Pinus balfouriana subsp. austrina Bruijn & J.Mastrog.,"c(-118.131675, 36.467036)"
Pinus balfouriana Balf.,"c(-118.698112, 36.641438)"
Pinus balfouriana subsp. austrina Bruijn & J.Mastrog.,"c(-118.162587, 36.450672)"
Pinus balfouriana subsp. austrina Bruijn & J.Mastrog.,"c(-118.163711, 36.450633)"
Pinus balfouriana subsp. austrina Bruijn & J.Mastrog.,"c(-118.163655, 36.459472)"
Pinus balfouriana Balf.,"c(-122.789513, 41.21823)"
Pinus balfouriana Balf.,"c(-118.496192, 36.469867)"
Pinus balfouriana Balf.,"c(-118.131767, 36.467127)"
Pinus balfouriana subsp. austrina Bruijn & J.Mastrog.,"c(-118.13174, 36.467022)"
Pinus balfouriana Balf.,"c(-118.348964, 36.461152)"
Pinus balfouriana Balf.,"c(-122.789611, 41.212389)"
Pinus balfouriana Balf.,"c(-122.979225, 40.186274)"
Pinus balfouriana subsp. austrina Bruijn & J.Mastrog.,"c(-118.233983, 36.572922)"
Pinus balfouriana subsp. austrina Bruijn & J.Mastrog.,"c(-118.245489, 36.561203)"
Pinus balfouriana Balf.,"c(-118.176942, 36.453625)"
Pinus balfouriana Balf.,"c(-118.214826, 36.492332)"
Pinus balfouriana Balf.,"c(-122.485222, 41.316937)"
Pinus balfouriana Balf.,"c(-122.814009, 41.203787)"
Pinus balfouriana Balf.,"c(-122.793288, 41.247575)"
Pinus balfouriana subsp. austrina Bruijn & J.Mastrog.,"c(-118.666831, 36.587494)"
Pinus balfouriana Balf.,"c(-122.788728, 41.219855)"
Pinus balfouriana Balf.,"c(-122.903281, 40.943456)"
Pinus balfouriana subsp. austrina Bruijn & J.Mastrog.,"c(-118.176353, 36.427114)"
Pinus balfouriana Balf.,"c(-118.272056, 36.478628)"
Pinus balfouriana subsp. austrina Bruijn & J.Mastrog.,"c(-118.211678, 36.295261)"
Pinus balfouriana subsp. austrina Bruijn & J.Mastrog.,"c(-118.168669, 36.453969)"
Pinus balfouriana subsp. austrina Bruijn & J.Mastrog.,"c(-118.336994, 36.771836)"
Pinus balfouriana Balf.,"c(-123.149097, 41.406919)"
Pinus balfouriana Balf.,"c(-123.196041, 41.445164)"
Pinus balfouriana subsp. austrina Bruijn & J.Mastrog.,"c(-118.250253, 36.580112)"
Pinus balfouriana Balf.,"c(-122.479184, 41.31987)"
Pinus balfouriana Balf.,"c(-122.955078, 41.302003)"
Pinus balfouriana subsp. austrina Bruijn & J.Mastrog.,"c(-118.170105, 36.453188)"
Pinus balfouriana Balf.,"c(-118.173033, 36.488597)"
Pinus balfouriana subsp. austrina Bruijn & J.Mastrog.,"c(-118.462753, 36.56348)"
Pinus balfouriana Balf.,"c(-122.487408, 41.316639)"
Pinus balfouriana Balf.,"c(-118.564912, 36.461113)"
Pinus balfouriana subsp. austrina Bruijn & J.Mastrog.,"c(-118.170062, 36.448859)"
Pinus balfouriana Balf.,"c(-123.0821, 41.586105)"
Pinus balfouriana Balf.,"c(-123.082, 41.57892)"
Pinus balfouriana subsp. austrina Bruijn & J.Mastrog.,"c(-118.604594, 36.416559)"
Pinus balfouriana Balf.,"c(-123.096555, 41.575358)"
Pinus balfouriana Balf.,"c(-123.096322, 41.58585)"
Pinus balfouriana Balf.,"c(-118.388083, 37.02062)"
Pinus balfouriana subsp. austrina Bruijn & J.Mastrog.,"c(-118.39335, 37.019286)"
Pinus balfouriana subsp. austrina Bruijn & J.Mastrog.,"c(-118.66568, 36.588412)"
Pinus balfouriana subsp. austrina Bruijn & J.Mastrog.,"c(-118.666845, 36.587525)"
Pinus balfouriana subsp. austrina Bruijn & J.Mastrog.,"c(-118.258195, 36.571097)"
Pinus balfouriana subsp. austrina Bruijn & J.Mastrog.,"c(-118.22863, 36.486187)"
Pinus balfouriana subsp. austrina Bruijn & J.Mastrog.,"c(-118.347978, 36.779489)"
Pinus balfouriana Balf.,"c(-118.190461, 36.461525)"
Pinus balfouriana Balf.,"c(-118.192817, 36.462514)"
Pinus balfouriana Balf.,"c(-118.192917, 36.462467)"
Pinus balfouriana Balf.,"c(-118.210694, 36.469811)"
Pinus balfouriana Balf.,"c(-118.528608, 36.64483)"
Pinus balfouriana Balf.,"c(-118.457964, 36.57662)"
Pinus balfouriana Balf.,"c(-118.217981, 36.478219)"
Pinus balfouriana Balf.,"c(-118.1788, 36.469432)"
Pinus balfouriana Balf.,"c(-118.540069, 36.57985)"
Pinus balfouriana Balf.,"c(-118.345119, 36.77335)"
Pinus balfouriana Balf.,"c(-118.345161, 36.773164)"
Pinus balfouriana Balf.,"c(-122.482092, 41.316519)"
Pinus balfouriana Balf.,"c(-122.49952, 41.299637)"
Pinus balfouriana subsp. austrina Bruijn & J.Mastrog.,"c(-118.250275, 36.58017)"
Pinus balfouriana Balf.,"c(-122.489503, 41.31635)"
Pinus balfouriana Balf.,"c(-122.485847, 41.316783)"
Pinus balfouriana Balf.,"c(-122.49067, 41.318592)"
Pinus balfouriana Balf.,"c(-122.490678, 41.318628)"
Pinus balfouriana Balf.,"c(-122.489022, 41.317883)"
Pinus balfouriana Balf.,"c(-118.553925, 36.462222)"
Pinus balfouriana subsp. austrina Bruijn & J.Mastrog.,"c(-118.25805, 36.5846)"
Pinus balfouriana Balf.,"c(-118.35, 36.770556)"
Pinus balfouriana Balf.,"c(-123.198005, 41.576897)"
Pinus balfouriana Balf.,"c(-118.213456, 36.486847)"
Pinus balfouriana subsp. austrina Bruijn & J.Mastrog.,"c(-118.210957, 36.483327)"
Pinus balfouriana subsp. austrina Bruijn & J.Mastrog.,"c(-118.214572, 36.488771)"
Pinus balfouriana Balf.,"c(-123.100311, 41.569947)"
Pinus balfouriana Balf.,"c(-122.487778, 41.316517)"
Pinus balfouriana Balf.,"c(-122.857229, 40.037569)"
Pinus balfouriana subsp. austrina Bruijn & J.Mastrog.,"c(-118.561256, 36.421881)"
Pinus balfouriana Balf.,"c(-122.489875, 41.318478)"
Pinus balfouriana Balf.,"c(-122.488678, 41.318353)"
Pinus balfouriana subsp. austrina Bruijn & J.Mastrog.,"c(-118.338828, 36.76758)"
Pinus balfouriana subsp. austrina Bruijn & J.Mastrog.,"c(-118.360213, 36.7705)"
Pinus balfouriana Balf.,"c(-118.216842, 36.488033)"
Pinus balfouriana subsp. austrina Bruijn & J.Mastrog.,"c(-118.366562, 36.770558)"
Pinus balfouriana Balf.,"c(-118.185495, 36.452362)"
Pinus balfouriana Balf.,"c(-118.261437, 36.5877)"
Pinus balfouriana subsp. austrina Bruijn & J.Mastrog.,"c(-118.465986, 36.356348)"
Pinus balfouriana subsp. austrina Bruijn & J.Mastrog.,"c(-118.544226, 36.444334)"
Pinus balfouriana Balf.,"c(-122.872944, 40.944095)"
Pinus balfouriana subsp. austrina Bruijn & J.Mastrog.,"c(-118.344833, 36.7732)"
Pinus balfouriana subsp. austrina Bruijn & J.Mastrog.,"c(-118.666875, 36.586325)"
Pinus balfouriana Balf.,"c(-118.376703, 36.611596)"
Pinus balfouriana Balf.,"c(-118.610506, 36.409597)"
Pinus balfouriana Balf.,"c(-122.752088, 41.33424)"
Pinus balfouriana Balf.,"c(-118.338485, 36.771791)"
Pinus balfouriana Balf.,"c(-118.214927, 36.454421)"
Pinus balfouriana Balf.,"c(-118.225625, 36.454867)"
Pinus balfouriana subsp. austrina Bruijn & J.Mastrog.,"c(-118.224933, 36.454172)"
Pinus balfouriana subsp. austrina Bruijn & J.Mastrog.,"c(-118.220962, 36.435353)"
Pinus balfouriana Balf.,"c(-118.176242, 36.427269)"
Pinus balfouriana Balf.,"c(-118.214708, 36.454362)"
Pinus balfouriana Balf.,"c(-118.009557, 36.518934)"
Pinus balfouriana Balf.,"c(-118.667192, 36.587428)"
Pinus balfouriana Balf.,"c(-118.152201, 36.432495)"
Pinus balfouriana Balf.,"c(-123.076561, 41.582962)"
Pinus balfouriana Balf.,"c(-123.079736, 41.579922)"
Pinus balfouriana subsp. austrina Bruijn & J.Mastrog.,"c(-118.359944, 36.769638)"
Pinus balfouriana Balf.,"c(-122.910701, 41.190768)"
Pinus balfouriana Balf.,"c(-122.904394, 40.942346)"
Pinus balfouriana Balf.,"c(-118.170699, 36.448297)"
Pinus balfouriana subsp. austrina Bruijn & J.Mastrog.,"c(-118.171266, 36.448741)"
Pinus balfouriana Balf.,"c(-122.485204, 41.317007)"
Pinus balfouriana Balf.,"c(-118.620837, 36.41962)"
Pinus balfouriana subsp. austrina Bruijn & J.Mastrog.,"c(-118.359604, 36.769222)"
Pinus balfouriana Balf.,"c(-118.238228, 36.460517)"
Pinus balfouriana Balf.,"c(-118.268997, 36.501812)"
Pinus balfouriana Balf.,"c(-118.344414, 36.772343)"
Pinus balfouriana subsp. austrina Bruijn & J.Mastrog.,"c(-118.542633, 36.489769)"
Pinus balfouriana Balf.,"c(-118.579185, 36.449604)"
Pinus balfouriana Balf.,"c(-118.515694, 36.490299)"
Pinus balfouriana Balf.,"c(-118.726408, 36.58583)"
Pinus balfouriana Balf.,"c(-118.192903, 36.462425)"
Pinus balfouriana Balf.,"c(-118.192917, 36.462475)"
Pinus balfouriana subsp. austrina Bruijn & J.Mastrog.,"c(-118.218825, 36.477617)"
Pinus balfouriana Balf.,"c(-118.596576, 36.848484)"
Pinus balfouriana Balf.,"c(-118.321336, 35.920897)"
Pinus balfouriana subsp. austrina Bruijn & J.Mastrog.,"c(-118.31803, 35.91751)"
Pinus balfouriana subsp. austrina Bruijn & J.Mastrog.,"c(-118.31803, 35.91751)"
Pinus balfouriana Balf.,"c(-118.579728, 36.449464)"
Pinus balfouriana subsp. austrina Bruijn & J.Mastrog.,"c(-118.355731, 36.770186)"
Pinus balfouriana Balf.,"c(-118.345436, 36.772122)"
Pinus balfouriana Balf.,"c(-118.373617, 36.605752)"
Pinus balfouriana Balf.,"c(-118.281905, 36.303147)"
Pinus balfouriana Balf.,"c(-118.378608, 36.611553)"
Pinus balfouriana Balf.,"c(-118.596292, 36.603183)"
Pinus balfouriana Balf.,"c(-118.345717, 36.514856)"
Pinus balfouriana subsp. austrina Bruijn & J.Mastrog.,"c(-118.204059, 36.492008)"
Pinus balfouriana subsp. austrina Bruijn & J.Mastrog.,"c(-118.31803, 35.91751)"
Pinus balfouriana Balf.,"c(-118.167354, 36.433217)"
Pinus balfouriana Balf.,"c(-118.171352, 36.448407)"
Pinus balfouriana Balf.,"c(-122.889597, 40.912781)"
Pinus balfouriana Balf.,"c(-122.970162, 40.192675)"
Pinus balfouriana Balf.,"c(-122.785662, 41.215313)"
Pinus balfouriana Balf.,"c(-118.327636, 35.919767)"
Pinus balfouriana Balf.,"c(-118.340106, 36.771578)"
Pinus balfouriana var. austrina (Bruijn & J.Mastrog.) Silba,"c(-118.32761, 35.91979)"
Pinus balfouriana var. austrina (Bruijn & J.Mastrog.) Silba,"c(-118.32761, 35.91979)"
Pinus balfouriana subsp. austrina Bruijn & J.Mastrog.,"c(-118.32761, 35.91979)"
Pinus balfouriana Balf.,"c(-122.973641, 40.196262)"
Pinus balfouriana Balf.,"c(-122.863344, 40.037958)"
Pinus balfouriana Balf.,"c(-122.487091, 41.316711)"
Pinus balfouriana Balf.,"c(-122.883972, 40.922437)"
Pinus balfouriana Balf.,"c(-118.171469, 36.448556)"
Pinus balfouriana Balf.,"c(-118.171538, 36.44873)"
Pinus balfouriana Balf.,"c(-118.126708, 36.230308)"
Pinus balfouriana Balf.,"c(-122.956587, 41.30745)"
Pinus balfouriana subsp. austrina Bruijn & J.Mastrog.,"c(-118.355253, 36.770161)"
Pinus balfouriana subsp. austrina Bruijn & J.Mastrog.,"c(-118.39042, 36.651762)"
Pinus balfouriana Balf.,"c(-118.31772, 36.693395)"
Pinus balfouriana Balf.,"c(-118.3684, 36.62555)"
Pinus balfouriana subsp. austrina Bruijn & J.Mastrog.,"c(-118.419937, 36.775867)"
Pinus balfouriana Balf.,"c(-118.325082, 35.926816)"
Pinus balfouriana Balf.,"c(-118.192803, 36.462475)"
Pinus balfouriana Balf.,"c(-122.888719, 40.908228)"
Pinus balfouriana Balf.,"c(-122.880667, 40.933736)"
Pinus balfouriana Balf.,"c(-122.907409, 40.947325)"
Pinus balfouriana Balf.,"c(-122.888569, 40.910975)"
Pinus balfouriana Balf.,"c(-122.905872, 40.944594)"
Pinus balfouriana Balf.,"c(-122.893944, 40.953208)"
Pinus balfouriana Balf.,"c(-122.484445, 41.3298)"
Pinus balfouriana Balf.,"c(-123.077964, 41.58212)"
Pinus balfouriana Balf.,"c(-122.486575, 41.316612)"
Pinus balfouriana Balf.,"c(-122.786461, 41.229703)"
Pinus balfouriana Balf.,"c(-122.787711, 41.222706)"
Pinus balfouriana Balf.,"c(-122.789056, 41.221478)"
Pinus balfouriana Balf.,"c(-122.788978, 41.221528)"
Pinus balfouriana Balf.,"c(-122.788339, 41.21985)"
Pinus balfouriana Balf.,"c(-122.79026, 41.212264)"
Pinus balfouriana Balf.,"c(-118.666747, 36.587537)"
Pinus balfouriana subsp. austrina Bruijn & J.Mastrog.,"c(-118.173457, 36.453319)"
Pinus balfouriana Balf.,"c(-118.17715, 36.454073)"
Pinus balfouriana subsp. austrina Bruijn & J.Mastrog.,"c(-118.178575, 36.471622)"
Pinus balfouriana Balf.,"c(-118.183423, 36.489611)"
Pinus balfouriana subsp. austrina Bruijn & J.Mastrog.,"c(-118.202998, 36.488647)"
Pinus balfouriana Balf.,"c(-122.489281, 41.31575)"
Pinus balfouriana Balf.,"c(-122.489616, 41.317367)"
Pinus balfouriana Balf.,"c(-118.261612, 36.56903)"
Pinus balfouriana Balf.,"c(-122.482687, 41.319594)"
Pinus balfouriana subsp. austrina Bruijn & J.Mastrog.,"c(-118.364533, 36.774229)"
Pinus balfouriana subsp. austrina Bruijn & J.Mastrog.,"c(-118.553764, 36.46225)"
Pinus balfouriana Balf.,"c(-122.984507, 41.351883)"
Pinus balfouriana subsp. austrina Bruijn & J.Mastrog.,"c(-118.54251, 36.560484)"
Pinus balfouriana Balf.,"c(-118.520828, 36.630622)"
Pinus balfouriana Balf.,"c(-118.494613, 36.610347)"
Pinus balfouriana subsp. austrina Bruijn & J.Mastrog.,"c(-118.696006, 36.641628)"
Pinus balfouriana subsp. austrina Bruijn & J.Mastrog.,"c(-118.250291, 36.580167)"
Pinus balfouriana subsp. austrina Bruijn & J.Mastrog.,"c(-118.251044, 36.579889)"
Pinus balfouriana subsp. austrina Bruijn & J.Mastrog.,"c(-118.249363, 36.575576)"
Pinus balfouriana subsp. austrina Bruijn & J.Mastrog.,"c(-118.250198, 36.580291)"
Pinus balfouriana subsp. austrina Bruijn & J.Mastrog.,"c(-118.250374, 36.58015)"
Pinus balfouriana subsp. austrina Bruijn & J.Mastrog.,"c(-118.251632, 36.578933)"
Pinus balfouriana subsp. austrina Bruijn & J.Mastrog.,"c(-118.247652, 36.576315)"
Pinus balfouriana subsp. austrina Bruijn & J.Mastrog.,"c(-118.248985, 36.576135)"
Pinus balfouriana Balf.,"c(-118.171438, 36.44838)"
Pinus balfouriana Balf.,"c(-122.764137, 41.240508)"
Pinus balfouriana Balf.,"c(-123.208499, 41.574071)"
Pinus balfouriana Balf.,"c(-122.486099, 41.316621)"
Pinus balfouriana Balf.,"c(-122.884712, 40.926688)"
Pinus balfouriana Balf.,"c(-122.785995, 41.215205)"
Pinus balfouriana Balf.,"c(-122.789438, 41.212628)"
Pinus balfouriana Balf.,"c(-122.888217, 40.944371)"
Pinus balfouriana Balf.,"c(-122.793547, 41.204272)"
Pinus balfouriana Balf.,"c(-122.490301, 41.316998)"
Pinus balfouriana Balf.,"c(-122.793547, 41.204272)"
Pinus balfouriana subsp. austrina Bruijn & J.Mastrog.,"c(-118.224799, 36.487269)"
Pinus balfouriana Balf.,"c(-118.357178, 36.764995)"
Pinus balfouriana Balf.,"c(-122.489123, 41.315939)"
Pinus balfouriana subsp. austrina Bruijn & J.Mastrog.,"c(-118.216919, 36.488106)"
Pinus balfouriana subsp. austrina Bruijn & J.Mastrog.,"c(-118.332122, 35.926542)"
Pinus balfouriana Balf.,"c(-122.4895, 41.315639)"
Pinus balfouriana Balf.,"c(-118.548767, 36.417767)"
Pinus balfouriana subsp. austrina Bruijn & J.Mastrog.,"c(-118.167837, 36.452371)"
Pinus balfouriana Balf.,"c(-120.85139, 37.52222)"
Pinus balfouriana Balf.,"c(-122.87459, 40.930603)"
Pinus balfouriana Balf.,"c(-120.853698, 37.523228)"
Pinus balfouriana subsp. austrina Bruijn & J.Mastrog.,"c(-118.164925, 36.449703)"
Pinus balfouriana subsp. austrina Bruijn & J.Mastrog.,"c(-118.175019, 36.429717)"
Pinus balfouriana subsp. austrina Bruijn & J.Mastrog.,"c(-118.176078, 36.427414)"
Pinus balfouriana subsp. austrina Bruijn & J.Mastrog.,"c(-118.175689, 36.427314)"
Pinus balfouriana subsp. austrina Bruijn & J.Mastrog.,"c(-118.150214, 36.378475)"
Pinus balfouriana subsp. austrina Bruijn & J.Mastrog.,"c(-118.131103, 36.338356)"
Pinus balfouriana subsp. austrina Bruijn & J.Mastrog.,"c(-118.251358, 36.473595)"
Pinus balfouriana Balf.,"c(-122.973333, 40.196389)"
Pinus balfouriana subsp. austrina Bruijn & J.Mastrog.,"c(-118.489043, 36.51193)"
Pinus balfouriana subsp. austrina Bruijn & J.Mastrog.,"c(-118.494018, 36.50776)"
Pinus balfouriana subsp. austrina Bruijn & J.Mastrog.,"c(-118.547522, 36.554245)"
Pinus balfouriana Balf.,"c(-118.518895, 36.422914)"
Pinus balfouriana Balf.,"c(-118.518938, 36.422982)"
Pinus balfouriana Balf.,"c(-122.863056, 40.037778)"
Pinus balfouriana Balf.,"c(-122.863056, 40.037778)"
Pinus balfouriana Balf.,"c(-122.862222, 40.039167)"
Pinus balfouriana Balf.,"c(-122.976667, 40.193056)"
Pinus balfouriana subsp. austrina Bruijn & J.Mastrog.,"c(-118.26417, 36.492127)"
Pinus balfouriana subsp. austrina Bruijn & J.Mastrog.,"c(-118.344212, 36.50963)"
Pinus balfouriana subsp. austrina Bruijn & J.Mastrog.,"c(-118.344212, 36.50963)"
Pinus balfouriana subsp. austrina Bruijn & J.Mastrog.,"c(-118.364928, 36.5392)"
Pinus balfouriana Balf.,"c(-122.487147, 41.318484)"
Pinus balfouriana Balf.,"c(-122.956108, 41.301945)"
Pinus balfouriana subsp. austrina Bruijn & J.Mastrog.,"c(-118.424583, 36.778612)"
Pinus balfouriana subsp. austrina Bruijn & J.Mastrog.,"c(-118.371925, 36.583401)"
Pinus balfouriana subsp. austrina Bruijn & J.Mastrog.,"c(-118.365773, 36.540757)"
Pinus balfouriana Balf.,"c(-122.907149, 40.945768)"
Pinus balfouriana Balf.,"c(-122.947325, 41.303091)"
Pinus balfouriana Balf.,"c(-122.81, 41.023)"
Pinus balfouriana Balf.,"c(-118.550955, 36.443797)"
Pinus balfouriana Balf.,"c(-122.88378, 40.921978)"
Pinus balfouriana Balf.,"c(-118.269858, 36.502797)"
Pinus balfouriana subsp. austrina Bruijn & J.Mastrog.,"c(-118.344992, 36.772331)"
Pinus balfouriana Balf.,"c(-118.230356, 36.456108)"
Pinus balfouriana Balf.,"c(-118.579482, 36.449067)"
Pinus balfouriana Balf.,"c(-118.567683, 36.453365)"
Pinus balfouriana Balf.,"c(-118.665838, 36.588245)"
Pinus balfouriana Balf.,"c(-118.170908, 36.453406)"
Pinus balfouriana subsp. austrina Bruijn & J.Mastrog.,"c(-118.25113, 36.577928)"
Pinus balfouriana Balf.,"c(-118.571005, 36.453675)"
Pinus balfouriana Balf.,"c(-118.611245, 36.416202)"
Pinus balfouriana Balf.,"c(-122.861917, 40.039517)"
Pinus balfouriana subsp. austrina Bruijn & J.Mastrog.,"c(-118.251484, 36.575963)"
Pinus balfouriana subsp. austrina Bruijn & J.Mastrog.,"c(-118.261422, 36.569108)"
Pinus balfouriana subsp. austrina Bruijn & J.Mastrog.,"c(-118.250236, 36.580169)"
Pinus balfouriana Balf.,"c(-122.972778, 40.195)"
Pinus balfouriana Balf.,"c(-118.193743, 36.50218)"
Pinus balfouriana subsp. austrina Bruijn & J.Mastrog.,"c(-118.326888, 35.924717)"
Pinus balfouriana subsp. austrina Bruijn & J.Mastrog.,"c(-118.697967, 36.641558)"
Pinus balfouriana subsp. austrina Bruijn & J.Mastrog.,"c(-118.696918, 36.643328)"
Pinus balfouriana Balf.,"c(-118.261467, 36.568967)"
Pinus balfouriana subsp. austrina Bruijn & J.Mastrog.,"c(-118.12078, 36.23249)"
Pinus balfouriana Balf.,"c(-122.48941, 41.317516)"
Pinus balfouriana Balf.,"c(-122.952225, 41.302778)"
Pinus balfouriana Balf.,"c(-118.261483, 36.568917)"
Pinus balfouriana Balf.,"c(-118.259939, 36.583752)"
Pinus balfouriana Balf.,"c(-122.954422, 41.302223)"
Pinus balfouriana Balf.,"c(-118.58773, 36.405409)"
Pinus balfouriana subsp. austrina Bruijn & J.Mastrog.,"c(-118.265419, 36.583831)"
Pinus balfouriana Balf.,"c(-122.860526, 40.038829)"
Pinus balfouriana Balf.,"c(-118.667288, 36.586825)"
Pinus balfouriana Balf.,"c(-118.66693, 36.587475)"
Pinus balfouriana Balf.,"c(-118.665663, 36.588147)"
Pinus balfouriana Balf.,"c(-118.665688, 36.588183)"
Pinus balfouriana Balf.,"c(-122.959784, 40.890842)"
Pinus balfouriana Balf.,"c(-118.593003, 36.444192)"
Pinus balfouriana Balf.,"c(-118.572778, 36.45297)"
Pinus balfouriana Balf.,"c(-118.57052, 36.453803)"
Pinus balfouriana Balf.,"c(-122.970327, 41.091073)"
Pinus balfouriana Balf.,"c(-118.577916, 36.451518)"
Pinus balfouriana subsp. austrina Bruijn & J.Mastrog.,"c(-118.28647, 36.30417)"
Pinus balfouriana subsp. austrina Bruijn & J.Mastrog.,"c(-118.631851, 36.579839)"
Pinus balfouriana subsp. austrina Bruijn & J.Mastrog.,"c(-118.665658, 36.58828)"
Pinus balfouriana subsp. austrina Bruijn & J.Mastrog.,"c(-118.199439, 36.474483)"
Pinus balfouriana Balf.,"c(-123.211345, 41.565592)"
Pinus balfouriana Balf.,"c(-118.669107, 36.596914)"
Pinus balfouriana subsp. austrina Bruijn & J.Mastrog.,"c(-118.591178, 36.416283)"
Pinus balfouriana subsp. austrina Bruijn & J.Mastrog.,"c(-118.57641, 36.421572)"
Pinus balfouriana Balf.,"c(-118.58429, 36.455093)"
Pinus balfouriana Balf.,"c(-118.357269, 36.769424)"
Pinus balfouriana Balf.,"c(-118.365395, 36.768626)"
Pinus balfouriana subsp. austrina Bruijn & J.Mastrog.,"c(-118.364792, 36.562212)"
Pinus balfouriana Balf.,"c(-118.296956, 36.576723)"
Pinus balfouriana Balf.,"c(-122.888648, 40.941413)"
Pinus balfouriana Balf.,"c(-122.900678, 40.945682)"
Pinus balfouriana Balf.,"c(-122.888648, 40.941413)"
Pinus balfouriana Balf.,"c(-122.900678, 40.945682)"
Pinus balfouriana Balf.,"c(-122.900678, 40.945682)"
Pinus balfouriana subsp. austrina Bruijn & J.Mastrog.,"c(-118.131753, 36.264264)"
Pinus balfouriana Balf.,"c(-118.329537, 36.69012)"
Pinus balfouriana Balf.,"c(-122.494852, 41.318205)"
Pinus balfouriana Balf.,"c(-118.239821, 36.565836)"
Pinus balfouriana Balf.,"c(-122.491801, 41.316868)"
Pinus balfouriana Balf.,"c(-123.049686, 41.000792)"
Pinus balfouriana Balf.,"c(-118.541441, 36.560713)"
Pinus balfouriana Balf.,"c(-118.667654, 36.587068)"
Pinus balfouriana Balf.,"c(-123.080931, 41.58765)"
Pinus balfouriana Balf.,"c(-122.4928, 41.3197)"
Pinus balfouriana Balf.,"c(-118.428501, 36.65672)"
Pinus balfouriana Balf.,"c(-122.880363, 40.958771)"
Pinus balfouriana Balf.,"c(-122.584725, 41.360536)"
Pinus balfouriana subsp. austrina Bruijn & J.Mastrog.,"c(-118.515491, 36.447671)"
Pinus balfouriana subsp. austrina Bruijn & J.Mastrog.,"c(-118.629315, 36.88346)"
Pinus balfouriana Balf.,"c(-122.576124, 41.378136)"
Pinus balfouriana subsp. austrina Bruijn & J.Mastrog.,"c(-118.431759, 36.883052)"
Pinus balfouriana subsp. austrina Bruijn & J.Mastrog.,"c(-118.415987, 36.771377)"
Pinus balfouriana subsp. austrina Bruijn & J.Mastrog.,"c(-118.389573, 36.653744)"
Pinus balfouriana subsp. austrina Bruijn & J.Mastrog.,"c(-118.378114, 36.618422)"
Pinus balfouriana Balf.,"c(-118.576111, 36.418722)"
Pinus balfouriana subsp. austrina Bruijn & J.Mastrog.,"c(-118.513972, 36.486111)"
Pinus balfouriana Balf.,"c(-122.49164, 41.318172)"
Pinus balfouriana subsp. austrina Bruijn & J.Mastrog.,"c(-118.217209, 36.497401)"
Pinus balfouriana Balf.,"c(-122.48, 41.32)"
Pinus balfouriana Balf.,"c(-122.483333, 41.316667)"
Pinus balfouriana subsp. austrina Bruijn & J.Mastrog.,"c(-118.473826, 36.494034)"
Pinus balfouriana subsp. austrina Bruijn & J.Mastrog.,"c(-118.379491, 36.592396)"
Pinus balfouriana subsp. austrina Bruijn & J.Mastrog.,"c(-118.373415, 36.581832)"
Pinus balfouriana Balf.,"c(-122.954574, 41.303298)"
Pinus balfouriana subsp. austrina Bruijn & J.Mastrog.,"c(-118.16972, 36.44806)"
Pinus balfouriana Balf.,"c(-118.346145, 36.771799)"
Pinus balfouriana subsp. austrina Bruijn & J.Mastrog.,"c(-118.16972, 36.44778)"
Pinus balfouriana Balf.,"c(-122.489248, 41.316168)"
Pinus balfouriana subsp. austrina Bruijn & J.Mastrog.,"c(-118.350289, 36.77935)"
Pinus balfouriana subsp. austrina Bruijn & J.Mastrog.,"c(-118.347912, 36.77955)"
Pinus balfouriana Balf.,"c(-122.887428, 40.940952)"
Pinus balfouriana subsp. austrina Bruijn & J.Mastrog.,"c(-118.404127, 36.813876)"
Pinus balfouriana subsp. austrina Bruijn & J.Mastrog.,"c(-118.409796, 36.845173)"
Pinus balfouriana Balf.,"c(-123.13494, 41.74879)"
Pinus balfouriana subsp. austrina Bruijn & J.Mastrog.,"c(-118.274205, 36.564204)"
Pinus balfouriana Balf.,"c(-122.957914, 41.302283)"
Pinus balfouriana subsp. austrina Bruijn & J.Mastrog.,"c(-118.410347, 36.764164)"
Pinus balfouriana Balf.,"c(-118.159923, 36.43841)"
Pinus balfouriana subsp. austrina Bruijn & J.Mastrog.,"c(-118.17402, 36.42498)"
Pinus balfouriana subsp. austrina Bruijn & J.Mastrog.,"c(-118.16955, 36.44165)"
Pinus balfouriana Balf.,"c(-122.92, 41.06)"
Pinus balfouriana subsp. austrina Bruijn & J.Mastrog.,"c(-118.248338, 36.5768)"
Pinus balfouriana Balf.,"c(-118.344278, 36.772222)"
Pinus balfouriana Balf.,"c(-123.290672, 42.012242)"
Pinus balfouriana Balf.,"c(-122.533667, 41.341306)"
Pinus balfouriana Balf.,"c(-122.533667, 41.341306)"
Pinus balfouriana Balf.,"c(-122.533667, 41.341306)"
Pinus balfouriana Balf.,"c(-122.533667, 41.341306)"
Pinus balfouriana subsp. austrina Bruijn & J.Mastrog.,"c(-118.299559, 36.571829)"
Pinus balfouriana subsp. austrina Bruijn & J.Mastrog.,"c(-118.5944, 36.46974)"
Pinus balfouriana Balf.,"c(-122.53366, 41.341285)"
Pinus balfouriana Balf.,"c(-122.53367, 41.34131)"
Pinus balfouriana Balf.,"c(-122.53367, 41.34131)"
Pinus balfouriana Balf.,"c(-122.53367, 41.34131)"
Pinus balfouriana Balf.,"c(-122.53367, 41.34131)"
Pinus balfouriana Balf.,"c(-118.696058, 36.642381)"
Pinus balfouriana Balf.,"c(-122.533667, 41.341306)"
Pinus balfouriana Balf.,"c(-118.339, 36.774)"
Pinus balfouriana Balf.,"c(-118.562165, 36.471979)"
Pinus balfouriana Balf.,"c(-118.394444, 36.851111)"
Pinus balfouriana Balf.,"c(-118.3421, 36.445)"
Pinus balfouriana Balf.,"c(-118.3421, 36.445)"
Pinus balfouriana Balf.,"c(-118.3421, 36.445)"
Pinus balfouriana Balf.,"c(-118.3421, 36.445)"
Pinus balfouriana Balf.,"c(-118.3421, 36.445)"
Pinus balfouriana Balf.,"c(-118.3421, 36.445)"
Pinus balfouriana Balf.,"c(-118.3421, 36.445)"
Pinus balfouriana Balf.,"c(-118.3421, 36.445)"
Pinus balfouriana Balf.,"c(-118.3421, 36.445)"
Pinus balfouriana Balf.,"c(-118.3421, 36.445)"
Pinus balfouriana Balf.,"c(-118.3421, 36.445)"
Pinus balfouriana Balf.,"c(-118.3421, 36.445)"
Pinus balfouriana Balf.,"c(-118.3421, 36.445)"
Pinus balfouriana Balf.,"c(-118.3421, 36.445)"
Pinus balfouriana Balf.,"c(-118.3421, 36.445)"
Pinus balfouriana Balf.,"c(-118.3421, 36.445)"
Pinus balfouriana Balf.,"c(-118.3421, 36.445)"
Pinus balfouriana Balf.,"c(-118.3421, 36.445)"
